,AR,CK,CT,EW,HL,IS,JP,MF,NC,SK,SS,MEAN,SEM_LOW,SEM_UP
0,0.27508665125952286,0.6733749324578229,-0.15935398095329134,0.7144243223862484,-0.02784827064703954,2.039278708687132,0.8152304528818205,-1.3551626389540035,-0.7953415259725357,0.31952421638675094,-0.5677553778281293,0.17558704451857254,0.4526376313146902,-0.10146354227754512
1,0.5735649615236886,0.1151395626860185,-0.3575441593340375,-0.06214588629380333,0.4710281683724377,1.8561327686330111,0.34509754540663806,-1.182658664103063,-1.8286142281457876,-0.25375110042247256,-0.32919018999408906,-0.05935829287922352,0.22884353608664476,-0.3475601218450918
2,0.704647404774587,0.14687660039195,-0.7971395361972311,-0.3457515390398164,0.7261614879170848,2.3914571876560387,0.33831134862034795,-1.2896215508573063,-1.8906608578188906,-0.5034478763716936,-0.6550657314423574,-0.10674846021520788,0.24265173170286197,-0.45614865213327777
3,0.71974822712045,0.6228667434680807,-0.541703568547382,-0.4009808014210486,0.7713398983302541,2.396744606109264,0.3450033399533531,-1.4422465652190597,-1.1411169014629516,-0.1511302476981251,-0.6992902670653354,0.04356676941522722,0.36958681299590057,-0.2824532741654462
4,0.6859276016823167,-0.36047680080767275,-0.49133154076150054,-0.38721443287503754,1.1808345026463096,2.32890315906871,0.6961275177990741,-2.2765130236646653,-1.1166735088432127,-0.034803691876586974,-0.3090744325238512,-0.007663150014192425,0.3593902159121828,-0.37471651594056765
5,0.8321114658145768,-0.057564599928226934,-0.5671046256103832,-0.32328538612411617,1.2281958230633019,2.290145093699976,0.722858385299632,-2.559388016438932,-1.0621133377840384,-0.20149808367024832,-0.22106871250359802,0.007389818710722118,0.39073658740948003,-0.37595694998803575
6,0.7740359941255298,-0.5746912311373452,-0.9258854733814779,-0.2565448812384127,1.1705413598146495,1.416255216206986,0.9038208935625233,-2.6243064901697015,-1.0621133377840384,-0.14933936965243338,-0.42505727013711353,-0.15938950816280312,0.19715844979722041,-0.5159374661228266
7,0.8158274795646405,0.0026823389174536615,-1.0987194587921598,-0.3438621442668202,1.2754538481106061,0.5715959686718136,0.5232953591808195,-2.6394226965572805,-1.0299025380253497,-0.2025500825452336,-1.0809445012601995,-0.2915042206365191,0.04586995712574393,-0.6288783983987821
8,0.8480272252627757,-0.5611549256828957,-1.2209050673723145,-0.26322947651076095,1.549493448468192,-0.4224075582720692,0.9168546558438491,-2.755743232393056,-0.8515483167423483,-0.6604566501067243,-0.9778749515599702,-0.39990407718775656,-0.04357855895224666,-0.7562295954232665
9,1.2669576739586157,-0.5611549256828957,-1.3462062019396397,0.9779336507201448,2.0415126689869885,-0.5014572486591639,0.6249800684679441,-2.705564225404138,-0.6649244194255974,-0.8075224530304179,-1.8612921216019813,-0.3215215939645582,0.10743168854788715,-0.7504748764770035
10,1.0207403428878694,-0.1913207581603322,-1.3438805255514938,1.1929903868410758,1.796069768394196,0.3756138279321516,1.2316483297567389,-3.1117344355460865,-0.6850876806430017,-0.5893913706638516,-1.8612921216019813,-0.1968767487595196,0.25768925064969805,-0.6514427481687373
11,1.097190175925482,-0.06506859887934145,-1.144580218574778,0.34557355968196224,1.1646098172925172,0.5488809741407829,1.5528784878180102,-2.8553281194156916,-0.4080768532359626,-0.4054318713298172,-2.3945641102033695,-0.23308334152547328,0.1967865594870914,-0.662953242538038
12,1.117263873117762,-0.2743688517132286,-1.1480443534888212,0.5638680523923788,1.1659026782760635,1.1221939438579445,1.7348057899555378,-3.223784797150223,0.06054438303984852,-1.0925520751107174,-1.5815157880511395,-0.14142610407950856,0.31042876775465006,-0.5932809759136672
13,1.0905776514968264,-0.2965030787374413,-1.37673874269868,0.865335402687432,0.27709622631633646,0.6408388260747501,1.2626220518903397,-3.225294742458775,0.18977996242851283,-1.9115903369757035,-2.3953303566111823,-0.4435642851443259,0.02030526448419384,-0.9074338347728457
14,1.2990971176085657,0.6373335345106886,-1.5166268251907946,-0.09044123615964947,-0.002878899387748182,0.4234533979514603,1.2524182507122767,-3.2963412289867735,0.23149212995696242,-1.8145924948450693,-1.484268548937494,-0.39648680025159777,0.038736130958735016,-0.8317097314619306
15,1.1653820417807865,0.39728748465387936,-1.5166268251907946,-0.5568684329777419,0.27235561958147353,0.09953402682017981,1.2524182507122767,-2.7076231729980034,0.5424647220935831,-1.7842543493071963,-1.3316127020329878,-0.37886757607859495,0.011728102558554832,-0.7694632547157447
16,1.0264855578726766,-0.708785024026538,-0.9963952511326233,-0.7447256925642716,-0.07680092479437593,0.6668093754273949,0.9625906014404112,-2.885500460176059,0.12752102673910848,-1.2779194468714121,-1.0957114383715356,-0.4547665160415658,-0.10598056687180257,-0.8035524652113291
17,1.0678278673674837,0.2987329087552163,-1.0264141198852277,-0.7888163967148156,-0.29114261568307004,0.988734335383015,1.3041431144894695,-2.8625288080322333,-0.054940815445329985,-1.0862028657843723,-0.40082453549084146,-0.2592210846400642,0.10343125571301737,-0.6218734249931458
18,0.9775591778171614,0.19256428294478717,-1.0623881742240022,0.22410123605192625,-0.09548044833235368,0.6850836204978543,2.032210533161706,-1.986329488259531,0.07564935294539087,-1.0721132086198264,-0.5373773908800114,-0.05150186426335445,0.2807108369157808,-0.3837145654424897
19,0.836936412578378,-0.1444360075271412,-1.7018206326146676,-0.6215852011868691,-0.09548044833235368,1.078189196774968,2.282398135246672,-1.6207139064387273,0.23583530070253808,-0.8186492487132428,-0.7887789252866167,-0.12346412043609661,0.23572497911912105,-0.4826532199913143
20,0.757842084674994,-0.8904858322380649,-1.9870342744147365,-1.2515296097550177,0.06130316112175677,0.9033136048259379,3.0695243664378413,-1.7256969747709898,0.0192754077964478,-0.6608784452000583,-0.7808830397014498,-0.2259317773839399,0.2066826633834067,-0.6585462181512866
21,0.7643659650517726,-1.006810433241486,-0.8432437706262917,-1.336170875276098,-0.582662248740439,0.18850077033134297,3.052199412829304,-2.2269790365547575,-0.2413483580260489,-0.09688918262332137,-1.4867124452047238,-0.34688638200734057,0.07629463040413959,-0.7700673944188208
22,1.5026461827786892,-1.767279259075375,-1.1020347756618922,-0.684501496010783,-0.18174393655709248,0.14178257465056515,2.8334952304368337,-1.5059370018368619,-0.37339609744999075,-1.05965732519,-1.0963930354671294,-0.2993653581257307,0.11506173045980683,-0.7137924467112682
23,1.2842599165344182,-2.301062770701334,-1.5733088606300558,-0.684501496010783,-0.2882848099909666,0.0876044655214056,3.1503207070778707,-1.2694040006097074,0.17237405691909607,-0.6309782918475818,-1.468356387943183,-0.32012158833462007,0.13685868757710912,-0.7771018642463492
24,0.8244078188732317,-2.3478358460150615,-1.2825825208464496,-1.3673218869209296,-0.5391103191687928,0.41668451896597525,2.9222132237884053,-1.347603393163564,-0.2902295864230069,-0.6882490658268661,-2.257579558194333,-0.5415642377210357,-0.0847514172545692,-0.9983770581875022
25,0.7246360673447586,-2.8349162427659964,-1.1417723848125119,-2.272341023426566,-0.8760754057913701,-0.8643316899813965,3.2971900488255397,-1.3155483308634637,-0.3350455003558027,-0.4884148982357872,-1.6666024714711676,-0.7066565301394331,-0.21323523784838078,-1.2000778224304853
26,0.7793733004880126,-3.180941690627031,-0.2733593643196528,-2.5595937788849894,-0.7867822013770404,-1.2381591829085814,2.899469229728519,-1.5213538561215945,-0.5083904628188001,-0.5587028915852518,-2.6146112464009197,-0.8693683768024844,-0.35310075035380584,-1.3856360032511628
27,0.9359525559757131,-3.3333222275374927,-0.10645638286669436,-3.3219953801703714,-0.7366581021889423,-0.8693330836979157,2.685294233833328,-1.8136745993032648,-0.6246682005163703,-0.5513978839243999,-4.568577394586848,-1.1186214968166597,-0.4960582383716251,-1.7411847552616941
28,0.9765913928510652,-3.0059414652430365,0.038235764504946604,-3.0853246895764017,-1.9913398892731067,-0.8682062345079494,3.6183246536555664,-2.15907557403756,-0.760075703871682,-1.1812857693506649,-4.300858345841731,-1.1562687146082324,-0.4974322373101191,-1.815105191906346
29,0.5377371852002493,-3.2613035417008467,0.0412923810379418,-3.3932332590448806,-1.9034125216487803,-1.406677931618422,2.348424928789198,-2.2594800581618415,-0.8885921477184537,-1.1746239754382581,-3.9880450855471987,-1.3952649114410267,-0.8285959678314646,-1.9619338550505887
30,0.7380659229269596,-3.0139669587331532,0.002319807164887341,-3.322297088924891,-2.0088105266352874,-0.94400513640685,2.110361133737626,-2.716603587797899,-0.6285976626276971,-1.464144312278167,-4.303533771587097,-1.4137465619237788,-0.8377082912729862,-1.9897848325745713
31,0.5159084370557311,-3.720188597455073,-0.08906474117224851,-2.796971496406145,-1.70567074163499,-0.9168311197790602,1.2726534236910396,-2.5383545760245982,-0.14803468970266243,-2.1279507296680533,-3.5756986521364986,-1.4391094075665962,-0.9318525769827325,-1.94636623815046
32,0.07396551401567282,-4.113666204665148,-0.1033844483584198,-2.445234331490464,-1.6910627461008085,-1.115130881966981,1.2726534236910396,-2.858523494250672,0.9607408082655278,-1.7439707161163287,-3.9499454373211305,-1.4285053194816102,-0.8731085161107393,-1.9839021228524811
33,-0.47414633732888917,-3.9134259396481568,0.5193349023207006,-2.0610783143438347,-1.732128575890479,-0.8739249267336471,1.0916456187074577,-2.7421827002271164,0.6732780349276968,-1.7506427723540028,-4.096325440499795,-1.3963269500972788,-0.8621865423720102,-1.9304673578225473
34,-0.5681728391220506,-4.330471578229685,0.05414407783701588,-2.5019532524995673,-1.8571200497319553,-1.443374021278835,1.0592878562641128,-2.8868575608830445,0.33675664224457846,-1.7677441595039385,-3.496163934539875,-1.5819698926766586,-1.0751138304518126,-2.0888259549015045
35,-0.48324681928558055,-4.648289956963422,-0.20163702126661714,-2.8880452819548497,-2.5680933521938023,-1.118216814663305,1.1947463306901116,-2.5153693584623245,0.3467128536045782,-0.8773111440195099,-3.6842322002031667,-1.5857257058834442,-1.0411218501924535,-2.1303295615744346
36,-0.7283608357989931,-4.980439261083047,-0.5228696003121401,-3.0286268710303155,-2.541032838222629,-1.124065031939141,1.431768823800161,-2.505683807343281,0.5002900491865654,-1.1609816881379478,-3.5722938839012888,-1.6574813586165507,-1.0936486571063382,-2.221314060126763
37,-0.8772601772812634,-4.870313585492016,-0.8391529693732003,-3.2145455723605183,-2.31672736309365,-0.5047185516516842,1.2922928244407925,-2.4981962013475627,0.5002900491865654,-1.6132469296469798,-3.5986961967816025,-1.6854795157637381,-1.1326832422128774,-2.238275789314599
38,-0.9950717845444695,-5.072570980483392,-0.8795490199417922,-3.510965371946526,-2.5765058959815037,-0.187236450831859,1.4925562174161922,-1.9068663990518093,0.2382937203050622,-1.6368750545395911,-3.1708808328902447,-1.6550610774990846,-1.090839470476874,-2.2192826845212954
39,-1.4347033747491496,-4.39721078877971,-0.7376104334990555,-2.7753404712252316,-2.673170522198228,-0.3308629615478524,0.7549180371879639,-1.764011865699658,0.036536301025342555,-0.2530002042606134,-2.6558398419023863,-1.4754814659680526,-1.0108340084801557,-1.9401289234559496
40,-1.8181199766933238,-4.39721078877971,-0.8195121004353533,-2.8132058488887677,-3.0678659453012584,-0.1060330259775361,0.825411626903629,-1.8907432853331094,-0.03820836525695807,-0.5471829255766911,-2.6558398419023863,-1.5753191342946786,-1.0989461963294263,-2.051692072259931
41,-1.7913098043806093,-5.3139678780981825,-0.42745969999812544,-3.4246973172197523,-3.3403754409920157,-0.6987083485042035,0.11896820530471325,-1.337125572942726,-0.25128873887410147,-0.3146684018283997,-2.6283268914944884,-1.7644508990025356,-1.2454414721638631,-2.283460325841208
42,-2.0048316160335404,-5.1724263813955975,-0.89915313357232,-2.8790973445933923,-2.6799800306205395,-1.000448537889134,-0.13023939826687514,-1.2633517364523896,-0.2734907064464062,-0.5092962951614949,-2.5026175713936825,-1.75590297743867,-1.3051525004795281,-2.206653454397812
43,-2.224333825621538,-4.968840997179495,-0.89915313357232,-2.513022443703204,-2.512936637110608,-1.5839411512673618,-0.1841800247704624,-1.369166877473283,-0.8430871890924975,-0.606870904444797,-2.6614470892392026,-1.8515436612249792,-1.4476411526890578,-2.2554461697609005
44,-2.293005851218113,-5.39375550379429,-1.200966736879087,-3.1116385580554784,-1.916268688838429,-1.9715248773035605,0.17296470776209277,-1.369166877473283,-1.0397057888757564,-0.552520971011512,-2.443902522369475,-1.9199537880051716,-1.4752976419317707,-2.3646099340785725
45,-2.6468634929504944,-6.454242281691856,-0.35566580406207865,-3.450202032678396,-1.5703933469903213,-1.9715248773035605,0.09204107482432294,-1.3012134097567556,-0.7270981146956758,-0.16518980438722813,-2.261374215141922,-1.8919751186212699,-1.327555063477547,-2.4563951737649927
46,-2.313023868598815,-4.8106752442173555,-0.37513177417549487,-3.556345115980455,-2.477184796336425,-1.9758447163713184,0.08640462204253609,-1.7799546382810556,-1.3172892185599276,-0.4210252892851199,-2.3405685564940133,-1.9346035087506765,-1.500612751246718,-2.368594266254635
47,-2.11434040811391,-2.9661218193400027,-0.430412670536531,-3.6075640380861547,-2.69744613204592,-2.350107511375059,0.7000935495874857,-1.5642220392153494,-1.2393123892390612,-0.75996237738303,-2.2977500615852504,-1.7570132633938895,-1.379952000534986,-2.1340745262527934
48,-2.248210705935377,-4.4204803931254375,-0.1679357176989678,-3.821266975376506,-2.9025174851855207,-2.4169551185391946,0.34858063127355504,-1.6320023612377808,-0.9148459345013992,-1.117427777366713,-3.053657655307859,-2.0315199539092004,-1.581376457697589,-2.481663450120812
49,-2.582954711760636,-4.448178342083527,-0.12689911572042714,-4.808810434564037,-2.5553783259985208,-2.5089567656846614,-0.012983868871878553,-1.623166915758364,-0.8152718296354313,-2.0075796325398256,-3.053657655307859,-2.2312579634477427,-1.7611070711848171,-2.7014088557106684
50,-2.762546023373425,-4.574307021097188,-0.22498608034408896,-3.8135602958851305,-2.5553783259985208,-2.776832859609119,0.001796552481096657,-1.7367871079920463,-1.4318058482797456,-1.2720707894480972,-2.8864099044704155,-2.1848079730924255,-1.759480853299146,-2.610135092885705
51,-2.8026432349471024,-3.17584065378921,0.04540205375060024,-3.405369499989073,-2.803148815358425,-2.645962573755196,0.18705421324558696,-0.46992815192406967,-1.488607098467147,-1.1596283171614914,-2.981245048976038,-1.8818106479428698,-1.4756182929746533,-2.2880030029110863
52,-3.1015121412674524,-2.64013189032963,-0.47277055362499215,-3.4505250362827606,-2.1283908124033233,-2.622458478116953,-0.009068541161588489,-0.4387862589597915,-1.4688812117640977,-1.9052845700279035,-3.5975527981794153,-1.9850329356470822,-1.6071746811566263,-2.362891190137538
53,-3.0033086573980605,-3.0732934249165065,-0.3852956964452738,-3.6345846512090967,-2.109972481278237,-2.5421110556478372,-0.1607769877708799,-0.3803517268861917,-1.4688812117640977,-1.3988623720313853,-3.3290609136633518,-1.9533181071828105,-1.5703204866657439,-2.336315727699877
54,-2.985221432716942,-2.675477601982356,-0.5560946567574846,-2.6487451193351825,-2.1467350195338737,-2.4364782932795475,-0.5662604416442593,-0.2339875895211625,-2.044429943220869,-1.6473290097973632,-3.3798928618185875,-1.938241088146148,-1.617622128289559,-2.2588600480027368
55,-3.0071577924638553,-1.914837843322681,-0.5750787348297907,-1.4341937407690493,-2.008907236943526,-2.727555047833798,-0.9177194581777806,-0.029542601141933914,-2.0539079196831964,-1.7683715825398432,-2.7532302053380735,-1.7445911057312296,-1.4607545849371217,-2.028427626525337
56,-3.000697661547085,-1.9986129073964565,-0.6334463894067905,-0.33885641539301065,-1.7180788052152063,-1.9794354556492146,-1.142605589133058,0.06926107757753536,-2.405344360301181,-1.6174418892233098,-2.9994520409584675,-1.6149736760587494,-1.30743218253907,-1.9225151695784288
57,-3.216139488946762,-2.4693260677448694,-1.0920554901165265,-0.4503279428670115,-1.3361263586460335,-2.0122657098879735,-1.0328488667730409,0.06926107757753536,-2.2325783233183407,-1.6543270080814279,-2.5283147524364877,-1.632277175567358,-1.337651242423533,-1.926903108711183
58,-3.4432933516296647,-2.254204045028434,-0.9847684095979745,-0.12841223636253482,-1.1946864742653986,-2.4369279810038575,-0.9290557474153563,0.6769247681420476,-2.391541013565772,-1.6543270080814279,-1.6313035675297516,-1.4883268242125567,-1.1397927187833852,-1.8368609296417282
59,-3.392099171422068,-1.8793750567725978,-1.1582747699694316,-0.13111525289418516,-0.7372170314849269,-2.513211608121328,-1.9211304640964464,-0.0964758246264584,-2.1321508018238804,-0.843017619236968,-1.5242299470497354,-1.484390686136184,-1.1783990001502942,-1.7903823721220737
60,-3.340417594603227,-1.80829394902708,-1.338087747248475,-0.007677037018159984,-0.2786455476420825,-2.4579334767764545,-1.8994285465464005,0.11291100865416874,-1.8556067442545683,-0.843017619236968,-1.2074546895669949,-1.3566956312060219,-1.0358507095127156,-1.6775405528993281
61,-3.3154041688873184,-1.45577148103744,-1.2249193867566666,0.08254161562702128,-0.04069965345854908,-3.0459605914460264,-1.6569739151159044,0.26236348628588785,-1.9514629139286284,-0.5947435568431524,-0.8606660476602589,-1.254699692111003,-0.8941693437678615,-1.6152300404541444
62,-3.264412807328846,-0.8886529632803538,-1.0726961372165977,0.3066543642107446,-0.4405852047554334,-3.3021078035283753,-1.014177599290907,0.24808242477416323,-2.0291063841059622,-0.5947435568431524,-1.3672780226125247,-1.219911244543386,-0.8524956358509204,-1.5873268532358515
63,-2.951858770376957,-0.4326296636152704,-1.2272720618337487,0.7892503056697624,-0.4589987392524687,-2.9246311282082376,-0.6802000454025021,1.232218866452886,-2.0408831865227337,-0.34979393449123836,-1.118170483970083,-0.923906258322781,-0.5202505928085779,-1.327561923836984
64,-2.7034883144888933,-0.012469548306126121,-1.3131406921297792,0.5754411564399238,-0.4765606388175553,-3.7776794321978437,-0.5649245624841358,1.095700497526058,-1.7025525621045117,-0.858702910955204,-0.5622345365229707,-0.9364192312764579,-0.5133501451399158,-1.359488317413
65,-2.5347007410865827,0.48101822269285704,-0.8553312975171828,0.8998953400813913,-0.15793530652904073,-3.5206845476023787,-0.7575660698617577,1.0856984207108615,-1.576745922821128,-0.9442622094075998,-1.318902152443573,-0.8363196603440121,-0.4121217468363704,-1.2605175738516539
66,-2.6046307577901104,0.9768580400958047,-0.3536561072718914,1.0079860264277276,0.30982471241981846,-4.496918959530563,-1.2259671708777864,1.8088914225021582,-1.443298447175733,-2.547504365297339,-0.6184006607632526,-0.8351651152055607,-0.2690329714606282,-1.401297258950493
67,-2.5154212014647617,0.7689101870037806,-0.005406762278229572,0.9729247384455305,0.46628183533685946,-4.867089031419492,-1.259895027537446,2.4844322335181173,-1.6775617707923316,-2.132967661892253,-0.14808939699149148,-0.7194438052792471,-0.10727186269357658,-1.3316157478649178
68,-2.4565430731220563,1.1109466989692587,1.4014854078079642,0.9729247384455305,0.48691509058597765,-3.5853671611628033,-1.2207024894097036,2.6103585719249067,-0.9544352178122469,-1.6532879165880694,0.13149334718490122,-0.2869283639251219,0.2717353992773365,-0.8455921271275803
69,-2.5736642435842985,1.5924384149524338,1.6745043566679385,1.0281920368588602,0.9662826991808875,-3.4289754337442195,-1.1500794530028655,2.7379887776653575,-0.809659111281548,-1.3592651059250713,0.2291737395123025,-0.09936939297274751,0.48043186288818185,-0.6791706488336768
70,-2.2872712204121273,1.2554350421887919,1.1393001365431812,-0.160312428457663,0.944806579141914,-2.90041200117848,-0.47562136371829594,2.569652282416855,-0.7722112903217558,-2.340261367427989,-0.5228965291071416,-0.3227083782120646,0.1948630142576085,-0.8402797706817378
71,-2.0932201018641066,0.864022717050259,1.356624188603461,-0.160312428457663,1.3015229296191406,-3.376339616246964,-0.655456730808112,2.3415742478174453,-0.6483910821674633,-2.105764994694965,-0.4297144261714841,-0.32776866339276833,0.19322702644690803,-0.8487643532324447
72,-2.1320229490040994,1.151672894564883,1.5375953535419729,2.257258998828959,1.6095196628580095,-2.252030935091662,-0.6416067360842104,1.8398144873234987,-0.6540550074990279,-2.115378720598748,0.009725725742948863,0.05549934314386587,0.5747548515019958,-0.4637561652142641
73,-1.4990833108370094,1.3360121589915928,1.3246140923412075,2.733258274687128,2.0352880062710748,-1.5111111707911826,-0.7118890100465727,1.6718269983936347,-0.4654421818267946,-2.0750705805802525,0.029808702848261773,0.2607465435864625,0.7539797984152083,-0.23248671124228337
74,-1.2168969655355624,1.7602859982569545,1.2836176865088236,2.3667437144788,1.7458079745471156,-1.3009335716572084,-0.6206601521420344,1.7329105932155549,-0.5104130941771508,-2.5247092053197777,-0.20225158119954575,0.22850012699781538,0.715217474483065,-0.25821722048743423
75,-1.2168969655355624,2.517719773092098,0.9840823247025645,3.0773899845921897,2.061024384151553,-0.4860103692007718,-0.004712113951586625,2.547823915046525,-0.28301727276344485,-2.5247092053197777,0.373419816180617,0.640555842817673,1.1741050461253355,0.10700663951001044
76,-0.7382724717653866,2.206152079166982,0.588986415657633,3.215538980810884,1.9271699214676434,-0.4860103692007718,0.05119007966590269,2.442978093351107,-0.3989823413098784,-2.389468294734647,-0.24078401707833394,0.5616816432755578,1.0704776836647776,0.052885602886338146
77,-0.9449902234614003,1.2687858904261615,0.8529307291512647,4.081278250269515,3.0187609185924704,-0.9847939097154802,0.026359994276090443,2.7100638740132115,-0.5883612111711972,-1.5491385005343032,-0.3928001437311042,0.6816450607377479,1.2465607890166186,0.11672933245887718
78,-1.0066561835058079,0.39002903761978813,0.9516475149497914,4.212528167741553,2.952586627145254,-0.7937330600584035,-0.5753283872396417,2.4216795977005563,-0.054437788070038864,-1.596232486021491,1.115559231378778,0.7288765701491215,1.2791768442845801,0.1785762960136631
79,-1.0570660176939917,1.2728109893015138,0.6658229475288115,4.466222513472085,3.501823046970436,0.2596482797421037,-0.2109211360183269,2.503882957461584,0.2804314000415301,-1.5277963091550941,1.442851834192629,1.0543373187130256,1.6106132912563527,0.49806134616969844
80,-0.861467181050838,0.6103969904331087,0.7648123689626821,4.82966439620177,2.9743767092117253,0.10859405132737604,-0.19887053433628749,1.4073666161236746,0.4721063121922628,-0.46139037530979604,0.31001863976268723,0.9050552721380334,1.4043797939679434,0.4057307503081233
81,-0.6979947068627665,1.2927847115913929,2.563474699096983,4.596472227277055,3.428377202911077,1.0106761044086774,-0.02644154036986972,2.1332248737635213,1.4713518702373978,-1.2987479658308299,0.34619902783927053,1.3472160458238098,1.8797110897378972,0.8147210019097224
82,-0.8504886619361618,1.1809657636985786,2.5719211333769825,4.0442291731727416,3.7111169276940643,0.6607829152612779,-0.1996179714698347,1.7967514664587614,1.8008428771846705,-1.4905264074178541,1.6543822878386147,1.3527599548965312,1.8805158854172714,0.8250040243757909
83,0.7265379740536512,0.4013497897573563,2.911641148260514,3.3407116095654192,3.0996070952982464,0.6278317857488597,-0.4797805081651906,2.2593373447863256,2.2356844328791547,-1.2634804267815511,2.3180695435138543,1.470682708083331,1.9362186549467941,1.0051467612198677
84,0.559735205041638,0.8910126644855899,2.7981221854685323,3.283374678009193,3.318197970248582,0.6586145172962701,-0.3370590847955329,1.555383507737001,1.8997215349499315,0.13634255214304905,2.1182480173508575,1.5346994316304645,1.9148962910330067,1.1545025722279223
85,0.5450590019878285,0.41061022043726825,2.8472931369388577,3.1067227719449573,3.1150241584513125,0.651838111040335,-0.11583434892220955,1.749378694506269,2.189354189821888,1.0303693518850863,2.5868237041205875,1.6469671811101982,2.005443581954848,1.2884907802655485
86,0.7013532046734418,0.8214723478111936,2.8312845990096496,2.6204260906918946,2.9345014307583384,1.3060643268973868,0.09392833297298354,1.729239016956438,2.224303303887573,0.2539276466564061,2.7671433949313933,1.662149426840609,1.9875114687238882,1.3367873849573297
87,0.7621455463062814,1.2562088302359065,2.699631578407915,3.1704135734126098,3.088574954570038,0.8560237034037088,0.2176389123260107,1.729239016956438,2.16140654925103,0.03747476960446178,2.681265680885551,1.6963657377599957,2.040355825507424,1.3523756500125674
88,1.1469082465534928,1.3712488262686253,2.2869219860354644,3.2800642965136144,2.6907097822206256,0.9179190626170235,0.23526233394375345,1.8938318631621074,2.184682051965615,-0.009857993974753489,2.4734597449977103,1.6791954727548437,1.9922923503533316,1.3660985951563558
89,1.1040382130835908,1.2947644121480963,2.1619732470962187,2.6130225496347768,2.6907097822206256,1.2080789617408942,-0.35045727563790063,1.8938318631621074,2.184682051965615,-0.009857993974753489,2.281695097029308,1.552043718951689,1.8578653004187287,1.2462221374846492
90,1.4739353608121053,1.7072006043947021,2.416146369884087,2.9871329013767154,2.301220096700446,1.1597440308580436,0.4106568110491245,1.9480648394133668,2.298158161621851,0.28658325070600593,2.037918085286314,1.7297055011002507,1.983011641429372,1.4763993607711294
91,1.4739353608121053,1.873954803574697,2.6013372462515445,2.7460123303146906,1.9141705265367717,0.7315366092436241,0.6733948935042178,1.7887596110818402,2.3239737657184847,0.3148996924021739,1.2861433404846918,1.611647107265895,1.8533598909046194,1.3699343236271708
92,1.3732513350588125,1.7901848186435987,2.6416015968844317,2.5078236890014964,2.0011376240234044,0.7627107078556937,0.9320265103687726,1.5985998332778808,2.2621206182507407,0.3148996924021739,1.1088173856631849,1.5721067101300172,1.7982885906279367,1.3459248296320978
93,1.2488395871546736,2.2175272118064826,2.369838742938417,2.174479635908411,2.5089569655874153,0.690121205660153,0.5966139584345773,1.5985998332778808,2.146381714398924,0.5067163312221206,1.5116669998498031,1.5972492896580783,1.8226725557055956,1.371826023610561
94,1.388213975811278,2.563876108495324,2.4272817104664535,2.2205610780526066,2.5325176921306034,0.8059133441793545,0.3297441526435432,1.6320398663753743,2.395602268751172,-0.42607847780646363,1.9006022385157562,1.6154794506922727,1.916747133134432,1.3142117682501135
95,1.2813890965246837,2.483426153034306,2.2779566325177845,2.464678944031466,2.5325176921306034,0.6342255400851912,0.35202378877205076,1.8557193881013494,2.3521023068121747,0.13121512898603838,2.3612537945422374,1.7024098605034441,1.9836655638384515,1.4211541571684367
96,1.0829214956047624,2.6817264875696902,2.078074993145292,2.7955249540297364,2.5264883679269907,0.8872006791614456,0.5219775019250529,1.8864260696441861,2.2439845388390514,0.10123861287805343,2.634663852235352,1.7672934139054193,2.0553850513946066,1.4792017764162317
97,1.5238822477238863,2.30722745726685,2.1083904153170563,2.8983375585774143,2.433907824297221,1.2842490416924175,0.7112575903761705,1.3538112182866968,2.231034153173236,1.1532844097597128,1.9855946001057396,1.8173615015069458,2.0155903546466494,1.619132648367242
98,1.5061073726838612,2.751202166661795,2.245177981590561,2.7721269344104806,2.191128906090877,1.5085889628388467,0.45031594067628555,1.1078787538547437,2.3615724796673647,0.9452055127219071,2.5150970063838214,1.850400183416413,2.087856643996549,1.6129437228362773
99,1.7105855415121611,2.779945337204042,1.8645397736462934,3.2921315468767474,1.9862962608747066,0.8147494605148081,0.372276942218095,1.1078787538547437,1.6749000914999128,0.7960406926731607,2.591151437414843,1.7264087125717738,2.001292027282199,1.4515253978613485
100,1.7117207214668992,2.205441593922141,1.8253970786596836,3.2921315468767474,1.9156039838920569,1.150626712990742,0.23475346757683116,0.8005820450787733,1.074783504719991,0.9956240614578505,2.523733375025318,1.6118543719697305,1.8745419438733075,1.3491668000661534
101,1.708570789751071,2.4777026530484516,1.9387567690279872,3.369155304041502,1.567138745823895,0.9899923266628816,-0.3696577535158105,0.8637222533367336,1.116941116218684,1.3830834897874027,3.2016379035917595,1.6588221452522325,1.9839688834691411,1.3336754070353238
102,1.9224749120645388,3.4351048807711426,1.8919678072117712,2.9880987483976376,1.751228456388286,0.7267622557707007,-0.1456055497472855,1.1707787122756863,0.8291921361357634,1.636828204131635,3.8605292083537215,1.8243054337957816,2.189277392353822,1.4593334752377414
103,2.3682739004127296,3.2714185540602205,1.4401253791718682,2.0230669431547463,1.646679236146804,0.4098357632020856,0.38401814239772025,1.9136663760249921,1.080538444622911,2.2407872412979377,3.791485632044064,1.8699905102305527,2.1900091585027264,1.5499718619583789
104,2.067212787364056,2.95507536397795,1.3804936189685686,1.4871059366999448,1.1196969757938018,0.0007197784880477782,0.8165770574339983,1.953496184122092,1.0616162552690853,2.6254749643877964,3.8834408837223227,1.7591736187479692,2.0883517138349412,1.4299955236609974
105,1.5767154157327077,2.7546394798587217,1.6825729863912784,1.3905345764664665,1.3579238979822559,0.3464378209772585,0.8165770574339983,2.0203000244638254,1.351812342372989,3.6983186142269893,4.758042916346618,1.9776250120230097,2.366960310265537,1.5882897137804826
106,1.5169917997648625,2.4006872992679074,1.8975126461852219,1.2983515571039745,1.014259163240621,0.8157140802795618,-0.18188914023471156,0.9995349830900062,1.311758755871064,3.6983186142269893,4.716482360694845,1.7716111017718497,2.1893529990327076,1.353869204510992
107,1.3825092029594548,2.7844310704063564,1.6549131988864902,1.8720245120770003,1.2687993070633559,0.772923107133212,-0.5517613923497241,1.2766832857792831,1.3347825477283364,3.3531874239811974,5.260475071665692,1.855360666848241,2.31144416492445,1.399277168772032
108,1.3595966756088982,2.539345556403756,1.5048801681806911,1.380167655984733,1.0566932735458912,1.6445312895514055,-0.7075589162900507,0.7499371559167495,1.6955239850351693,3.112312085059533,5.425244491965291,1.796424856451097,2.262027459453516,1.330822253448678
109,1.378165594641502,2.057429487474894,1.6678639826051944,1.341524305200687,1.1649194165359635,1.7705269213084254,-0.618563657120048,1.0311300910564574,1.858154480341308,2.9977496112267596,4.602056262676974,1.7500869541771016,2.1383087996945855,1.3618651086596179
110,1.4674292151952122,1.3604812526776686,0.8452470109496092,0.5000731677745821,1.3554310443832565,1.3049064242314894,-1.3339185729968874,1.1961572874638984,1.7799138397743206,3.8202215890353357,4.908496783070843,1.5640399128690299,2.0563995017802275,1.0716803239578323
111,1.6036622746258717,1.9623989440964817,1.0161414595235452,0.1683864316432489,1.502925218599525,1.6078100206584507,-1.7375990875504823,2.6298203610018005,1.7799138397743206,3.266396532430269,6.3745373827757,1.8340357615980665,2.4350522510396275,1.2330192721565054
112,1.9496856700963514,1.6862994895244403,-0.142664941591028,0.11858974004011005,1.0248614326517371,0.900044442606189,-2.1673949568284554,2.2065347054229365,1.3769765888117105,3.337247502942634,5.104231172000359,1.399491895061544,1.9687675298814442,0.8302162602416439
113,2.2096231958097943,1.536056072908923,-0.3094679788252248,0.32970882658307815,0.323088269574046,1.442663972399629,-2.34967491616615,1.9124082236114248,1.0880936666785823,3.0106371888270593,3.4946777022838607,1.1534376566986386,1.6455239176666163,0.6613513957306609
114,1.2785287978072064,1.6259537217646731,-1.0380721852766233,0.6917057700213528,0.9310411986565731,1.3122550778982938,-1.9349404530918446,1.8513456269544222,0.9126856399398866,4.0317085994090505,3.892279176845926,1.232226451902629,1.7642042590161537,0.7002486447891041
115,1.4944446462845473,2.131628582530484,-0.9519083937604431,0.7631155478172408,1.1914726199446344,0.6501810854095686,-1.9349404530918446,2.6816642986014823,1.4215924043287698,2.636322071222711,4.576547954328832,1.33273821487418,1.8671975689005822,0.7982788608477778
116,1.532452526884966,3.3102306269081856,-1.6780044594505505,0.6212540781294654,1.3170511488043715,0.38096698335343354,-2.1515131869039608,2.1037082401091856,0.936173772755125,2.186556933758719,4.501498795069747,1.1873068599471532,1.7739484622659392,0.6006652576283673
117,1.29771859032724,2.974792036731739,-1.5491459359048783,0.5685053754676712,0.4204541429140533,0.07344591755981796,-1.2822496365189493,1.7530930987789703,0.6798897418030935,3.07861987048869,4.191256599972602,1.1096708910563682,1.6500235211242757,0.5693182609884606
118,1.32540650071299,2.8413704714056296,-1.4804376799773684,-0.12801588832035765,0.17733276125546052,0.14378745745344226,-0.9572626101992529,1.8240678413299896,0.7661522994485495,3.010061355903748,3.6370719942110226,1.0145031366567139,1.5180202025572795,0.5109860707561482
119,1.3432771744693577,2.4707467694418512,-1.5049040635343405,0.22958412125761093,-0.1331087917282319,0.25359991714952446,-0.9874098186565538,1.7664690461042167,0.06815911569855497,2.8410325627189703,3.6370719942110226,0.9076834570119985,1.3998537224843295,0.4155131915396675
120,1.3043947846629416,3.4186057354369033,-1.5903599391559144,0.8883833200333132,-0.14396805124240797,0.33822198416883775,-0.3246621571240411,1.9015350914305253,0.06815911569855497,2.527719160957364,3.5764736514748425,1.0876820633037199,1.5806760826370339,0.5946880439704059
121,1.153446103827669,2.995928464745029,-1.9874795564134322,0.7605685008622681,0.17696839356858157,0.6170350949705186,-1.3732857280939519,2.7949760461389226,-0.03621479513686742,2.5400026539574156,3.54659934107512,1.0171404108637523,1.56149483027243,0.4727859914550744
122,1.1864582827526526,2.8026781473574105,-1.625414969003004,0.7605685008622681,-0.04767201806689213,1.183912013153009,-1.012783605774739,2.8327500477025462,-0.23014099267601987,2.5201244241479177,4.150094165508823,1.1382339996330884,1.6802267924113061,0.5962412068548705
123,1.3611141695234898,2.024945689345063,-1.328586010798539,0.9904129687793168,-0.48700057696268273,1.5437392745005238,-0.8539581439447107,2.838038992918536,0.14070982202809346,2.5201244241479177,4.150094165508823,1.1726940704587117,1.6823275265161621,0.6630606144012613
124,1.3773435323484877,2.105604684708748,-0.9846911321083394,0.5380196460222737,-0.39445268479902706,2.482950047999379,-0.8539581439447107,2.738969424060141,-0.0654696856356806,2.138363941439144,3.8457139471531656,1.1753085070221438,1.6643996063085227,0.686217407735765
125,1.2388715180715872,1.6557306939823708,-1.0904549818848794,-0.7564421452546649,-0.6648263389342594,2.3985588998339904,-0.510754475763298,2.5791022323192903,-0.47077893684862976,3.059198180933326,4.719070675303145,1.1052068474325436,1.6895394993953083,0.5208741954697789
126,1.307576660980681,1.8179926264046464,-1.3114174305360915,-1.2281337900997817,-0.46171888029335895,1.9539224945424243,-1.0971005877552569,2.196013877166241,-0.3509811703403917,2.8519903181377964,4.141702286978295,0.8927133095622911,1.4563420807796583,0.329084538344924
127,1.4243181019138609,1.7622167485793656,-1.0533390142088446,-1.2564983398746556,-0.5452438180945366,1.920996543515306,-0.9735125074112623,1.8099773992190888,-0.7336676704475312,2.56898755781592,4.813661910991652,0.8852633556362147,1.4708661331194053,0.29966057815302427
128,1.0098542378841566,1.5554118003474835,-1.2570460809738035,-1.3518928251942472,-0.5452438180945366,1.8999485788291854,-1.2563156336238162,2.005357832032633,-0.7633597088209799,2.9315349195071048,3.577960176770489,0.7096554071512426,1.2556529948090087,0.16365781949347658
129,1.0683439498472787,1.6452483398899689,-0.6241194546685194,-1.683422741225707,-0.4507930629330421,1.9541610449664493,-0.9165615047854266,1.6729596827958404,-1.0762966858570775,3.5691094855744434,2.842280549619323,0.7273554184748665,1.257265254957725,0.197445581992008
130,0.9708324592985954,1.3919110647907678,-0.47449342113027243,-1.588684003986272,-0.5689954312085198,2.0362309904630904,-0.9307967423695527,1.6263985201198394,-0.774098464355858,2.899230165408616,1.532046916037572,0.5563256411880005,0.999023891021725,0.11362739135427613
131,0.9419105796325611,2.1936955596878116,-0.47449342113027243,-1.588684003986272,-0.6321274251336504,1.7256371151730532,-0.8719256205205391,1.6263985201198394,-0.0874481983055791,2.6132163466421283,1.532046916037572,0.634384215292423,1.0606601560613027,0.2081082745235432
132,1.0681101781606226,1.797709448374154,-1.0803456834288878,-1.3771350328205547,0.18505218572921336,1.6081361451774743,-0.5631431812990024,1.6263985201198394,-0.1948646993946407,2.1134782983940323,-0.3728997630197881,0.4373178559993148,0.8134103965060462,0.061225315492583365
133,0.8295417670457129,0.23763706566567652,-0.9513318211265854,-1.2174216563752647,0.11069218818644289,1.7480633958883778,-0.6480719981637174,1.6263985201198394,-0.02027566195723733,2.1367377075180443,-1.4900118512744056,0.21472342322971666,0.5906336315119889,-0.16118678505255563
134,0.7456833285867067,0.03503833732354209,-0.7101717685621781,-1.9070921798772957,-0.16849225543626614,1.8082260044188987,-0.8536237617311058,0.3002631308240637,-0.7208522561569374,1.4300873434518186,-1.4516566255617027,-0.1356900638836778,0.21183460166853982,-0.4832147294358954
135,0.718807834009,0.2692524663919057,-0.16852098063026352,-0.7059709262728356,-0.16849225543626614,1.7336406553178738,-1.225204843824282,-0.05779931230620943,-1.0074368877450375,1.0567931731489475,-1.8384748826597184,-0.12667326909153506,0.18940449167946546,-0.44275102986253556
136,1.121378767574988,-0.39114271619778457,-0.4442595017280809,-0.3757197918012308,-0.3584543319115343,1.5271387789071424,-1.5940025763642618,-0.16514478742508654,-1.1257976730055317,1.0241368326948228,-2.0697178385963912,-0.25923498525935895,0.079728035446058,-0.5981980059647759
137,0.9880920291133765,-0.2779754943124498,-1.1373487894766374,-0.21287266953199127,-0.08651021072737734,1.3571905493874223,-1.4888018659344393,0.06301292991045931,-1.1257976730055317,0.9833407905021134,-1.1631530214419727,-0.19098394777427527,0.10518102492235218,-0.48714892047090275
138,0.032778415650577514,0.24853779446214594,-1.3476360493268436,-1.0450206276450582,-0.7398745022655786,1.4046492377834403,-1.1217181854213154,-0.8462583731701436,-1.1816208066573595,1.100809346807279,-2.4463053876025618,-0.5401508306714017,-0.19837841762750152,-0.8819232437153018
139,0.06008502634575045,0.6110327206677355,-0.817631036746357,-0.7993857914067041,-0.43849495174619113,0.9538209923073038,-1.0731634707357889,-0.9414251349387422,-1.1576946401309378,0.7165259690966232,-2.3903465018985326,-0.4796978926532583,-0.18029341141362565,-0.7791023738928909
140,0.2187874458335542,1.1917368488619469,-1.3078238015800996,-0.6583202540904238,-0.1783183321715308,0.4694914475582314,-0.8649305059017242,-1.0686420303546063,-0.9838383134421889,0.826891184505107,-2.683900172172887,-0.4580787711776928,-0.12367261151998454,-0.7924849308354011
141,0.20974753322777862,2.567461342057572,-0.539454253417745,0.08919390525822532,-0.4013444654338418,0.77514108257867,-0.8605957251134768,-1.1249818806431444,-0.6595805296636886,-0.0689122002766659,-3.2588840698846915,-0.2974735692100917,0.12667984970872798,-0.7216269881289115
142,0.14348337005448875,2.978413958588182,-1.0032696134645898,0.19642490898291043,-0.5044159524373486,1.104422608126472,-0.5130161363588616,-1.4093658597437997,-0.5130186547712976,0.3605675049832376,-2.391202030133002,-0.14099780874305534,0.2806085597344528,-0.5626041772205634
143,0.13590292080504826,2.7702753614281663,-1.1488604593034988,0.5615804589263803,-0.8645768911175425,0.9983617593464874,-0.28476236857518317,-1.5989574313526813,-0.16121997076323022,0.26390727024700483,-0.7089058900524368,-0.0033868400374077456,0.3572714260098808,-0.3640451060846963
144,0.06698719666955007,2.3732142983200535,-1.1837928728666312,0.22555821358600645,0.3938495279998049,0.8333215723878383,-0.05337878703915973,-1.5107951393888306,-0.2684138784870204,0.4714809113631698,-0.7405598818480836,0.055224650972427056,0.37192627167866665,-0.2614769697338125
145,0.2365683131872221,2.893221979541185,-0.7845532276041475,0.7979067820892045,0.30613826929240484,1.1572861593476893,0.10541092275823555,-1.555921195130701,-0.18984485756461658,-0.6152111415217468,-0.7405598818480836,0.1464038293224223,0.5065943215464597,-0.21378666290161502
146,0.27508665125952286,0.6733749324578229,-0.15935398095329134,0.7144243223862484,-0.02784827064703954,2.039278708687132,0.8152304528818205,-1.3551626389540035,-0.7953415259725357,0.31952421638675094,-0.5677553778281293,0.17558704451857254,0.4526376313146902,-0.10146354227754512
