stimulusID,morphID,RT,trialNumber,blockNumber,shifted_stimulusID,shifted_morphID,Error,responseError,Stim_diff,bootstrap_values,Running_Mean,slopes,intercepts,DoVM
72.0,77.0,8.49725,6.0,1.0,58.0,46.0,-12.0,-12.0,14.0,1.6755225375370748,-3.1574419530102658,-0.03743924116670933,-2.4828455781836714,-4.3418493848861834e-17
93.0,93.0,9.639875,7.0,1.0,71.0,89.0,18.0,18.0,22.0,2.0287923325114177,-3.27261178053836,0.17594650992533617,-3.496629479187937,-0.015267184609948718
29.0,123.0,3.90745,9.0,1.0,93.0,93.0,0.0,-1.0286247061259277e-55,-64.0,2.0184055551551845,-3.0023538884688072,0.021370020103827846,-3.794840620929409,-0.03059089865756317
142.0,118.0,15.860404999999998,10.0,1.0,66.0,103.0,37.0,34.22128932655564,-70.0,2.1977438651102768,-3.1980035551160606,0.12112575521820809,-1.8404517612858018,-0.046027722524797
89.0,93.0,10.50849,13.0,1.0,88.0,74.0,-14.0,-14.001341512672843,1.0,1.258249448945224,-3.0461225554877753,-0.05683554268016726,-1.36668799198862,-0.061634334295350535
4.0,123.0,5.66171,14.0,1.0,8.0,131.0,-23.0,-23.0,-4.0,,-2.40447603240689,,,-0.07746754809357023
122.0,107.0,11.507935,15.0,1.0,89.0,93.0,4.0,0.0010070833805109203,33.0,,-2.4215701264917215,,,-0.09358433968466316
64.0,31.0,13.49347,16.0,1.0,4.0,123.0,-27.0,-26.99999999999995,60.0,,-1.903764225052068,,,-0.11004185488706891
126.0,123.0,11.77853,17.0,1.0,122.0,107.0,-15.0,-15.0,4.0,,-1.7112089644114459,,,-0.12689739618255397
129.0,140.0,5.96085,19.0,1.0,126.0,123.0,-3.0,-2.9955169798375847,3.0,,-1.1293393846529056,,,-0.14420838271411868
17.0,126.0,10.938360000000001,20.0,1.0,69.0,87.0,18.0,18.000000000000284,-52.0,,-1.5375375893101524,,,-0.1620322786439892
24.0,31.0,10.96283,21.0,1.0,129.0,140.0,11.0,11.0,41.0,,-1.4271395247723668,,,-0.18042648461365898
17.0,26.0,2.1204400000000003,22.0,1.0,17.0,126.0,-37.0,-36.990606570786966,0.0,,-1.7575139073854023,,,-0.19944818681717622
91.0,90.0,8.613395,23.0,1.0,24.0,31.0,7.0,7.001273305816674,67.0,,-1.8321969495851658,,,-0.21915415798207966
41.0,67.0,7.170064999999999,24.0,1.0,17.0,26.0,9.0,9.009393429213034,24.0,,-2.5261352874792595,,,-0.23960050436656224
136.0,122.0,2.462335,25.0,1.0,91.0,90.0,-1.0,-1.0000000000000506,45.0,,-2.211169811147388,,,-0.26084235274635803
20.0,127.0,7.459865,26.0,1.0,41.0,67.0,26.0,26.0,-21.0,,-2.6040324919899676,,,-0.2829334713030785
107.0,80.0,8.474015,29.0,1.0,73.0,72.0,-1.0,-1.0,34.0,,-2.663612798705374,,,-0.30592581836282845
140.0,125.0,8.61099,30.0,1.0,65.0,82.0,17.0,17.004321137892003,-71.0,,-3.937296040808716,,,-0.32986901309815375
123.0,119.0,9.699715,32.0,1.0,140.0,125.0,-15.0,-14.714286758832296,-17.0,,-3.541353507655359,,,-0.35480972262876975
122.0,119.0,3.811465,33.0,1.0,115.0,114.0,-1.0,-1.0,7.0,,-3.6979249627289827,,,-0.3807909604701751
70.0,69.0,1.6840849999999998,34.0,1.0,123.0,119.0,-4.0,-3.999999999999831,-53.0,,-3.148112373747302,,,-0.40785129201917997
131.0,132.0,3.3906400000000003,35.0,1.0,122.0,119.0,-3.0,-3.0,9.0,,-3.598215390357812,,,-0.43602394376715176
101.0,80.0,3.865725,36.0,1.0,70.0,69.0,-1.0,-1.0,31.0,,-3.5751086288232683,,,-0.46533581423105624
91.0,90.0,2.794665,37.0,1.0,131.0,132.0,1.0,1.0,-40.0,,-3.4866181100343283,,,-0.49580638622284096
119.0,120.0,1.22784,38.0,1.0,101.0,80.0,-21.0,-20.996310567979414,18.0,,-4.036739742864334,,,-0.5274465420700397
10.0,116.0,6.182475,39.0,1.0,91.0,90.0,-1.0,-1.0000000000000506,65.0,,-4.098977142207989,,,-0.5602572857796414
10.0,15.0,9.91365,40.0,1.0,119.0,120.0,1.0,1.0,37.0,,-4.319042778490571,,,-0.5942283789207665
139.0,136.0,9.610330000000001,41.0,1.0,10.0,116.0,-40.0,-39.991872925555214,-17.0,,-3.5323811193538903,,,-0.6293369001963758
144.0,130.0,8.902144999999999,42.0,1.0,10.0,15.0,5.0,5.008127074444789,-12.0,,-3.363485903221417,,,-0.6655457422738804
96.0,109.0,4.688035,43.0,1.0,139.0,136.0,-3.0,-0.9965552556193122,-43.0,,-2.920619544595624,,,-0.7028020634264237
27.0,32.0,4.0149349999999995,44.0,1.0,144.0,130.0,-14.0,-4.748407571620781,29.0,,-2.819922109603811,,,-0.7410357158588133
113.0,114.0,19.84365,45.0,1.0,96.0,109.0,13.0,13.0,17.0,,-3.0360160858061174,,,-0.7801576771902706
2.0,127.0,3.82945,46.0,1.0,27.0,32.0,5.0,5.0,-25.0,,-3.374391515571518,,,-0.8200585163511309
52.0,61.0,11.485925,49.0,1.0,48.0,73.0,25.0,25.00041910317326,4.0,,-2.965579076990117,,,-0.8606069300061711
108.0,57.0,7.126964999999999,52.0,1.0,125.0,93.0,-32.0,-18.63630524077908,-17.0,,-3.2047242958946387,,,-0.9016483903988984
36.0,61.0,4.915765,56.0,1.0,12.0,136.0,-22.0,-21.99187292555521,24.0,,-3.360360125610267,,,-0.9430039500459683
147.0,144.0,5.495385,57.0,1.0,53.0,39.0,-14.0,-13.998769670616696,-52.0,,-2.7166290194966365,,,-0.9844692527986231
73.0,35.0,1.546035,58.0,1.0,36.0,61.0,25.0,25.0,37.0,,-3.422300912508155,,,-1.0258138042037885
119.0,79.0,11.51644,59.0,1.0,147.0,144.0,-3.0,-3.0,-28.0,,-3.268793686655251,,,-1.0667805565963588
137.0,123.0,1.083175,60.0,1.0,73.0,35.0,-38.0,-38.0,64.0,,-3.6764080543365623,,,-1.1070858656780176
139.0,129.0,3.940815,61.0,1.0,119.0,79.0,-40.0,-40.0,20.0,,-3.4888523632344848,,,-1.146419875223909
2.0,147.0,14.42489,62.0,1.0,137.0,123.0,-14.0,-2.5909462981329145,11.0,,-3.4546457418685312,,,-1.1844473847500936
55.0,121.0,6.81186,63.0,1.0,139.0,129.0,-10.0,-7.996555255619312,62.0,,-3.4430546229899566,,,-1.2208092512347821
15.0,123.0,1.862625,64.0,1.0,2.0,147.0,-1.0,3.00665266578618,13.0,,-3.588959982400517,,,-1.2551243701113721
40.0,94.0,15.774714999999999,66.0,1.0,15.0,123.0,-38.0,-38.0,25.0,,-3.2150738795639167,,,-1.2869922725874041
64.0,69.0,3.093755,67.0,1.0,39.0,68.0,29.0,29.0,25.0,,-3.0895229840414538,,,-1.3159963658026923
133.0,111.0,13.909365,68.0,1.0,40.0,94.0,54.0,54.0,-53.0,,-3.0223331961692965,,,-1.341707829415868
128.0,112.0,16.5773,69.0,1.0,64.0,69.0,5.0,20.66739053124448,64.0,,-3.2982426862872067,,,-1.3636901669918466
78.0,91.0,15.146189999999999,70.0,1.0,133.0,111.0,-22.0,-22.0,-55.0,,-2.9347282865939395,,,-1.3815043932525375
110.0,115.0,17.09358,71.0,1.0,128.0,112.0,-16.0,-16.0,-18.0,,-2.968959844344479,,,-1.394714819166484
136.0,136.0,1.743385,73.0,1.0,110.0,115.0,5.0,5.0,26.0,,-2.677130257809814,,,-1.4028953764285779
33.0,84.0,9.292875,74.0,1.0,145.0,134.0,-11.0,-10.996898799487935,34.0,,-2.581451900626438,,,-1.4056364016770708
49.0,62.0,13.77945,75.0,1.0,136.0,136.0,0.0,0.003827311136709205,59.0,,-2.402567959628123,,,-1.4025517794817193
84.0,67.0,0.9797549999999999,76.0,1.0,33.0,84.0,51.0,51.0,51.0,,-2.4424832192098394,,,-1.393286322479673
121.0,119.0,12.71602,77.0,1.0,49.0,62.0,13.0,13.000000000000016,72.0,,-2.9382912235254457,,,-1.3775232478729413
51.0,47.0,15.845265,79.0,1.0,121.0,119.0,-2.0,-2.0,-70.0,,-3.2301009273829235,,,-1.354991592713388
23.0,27.0,7.21818,82.0,1.0,121.0,118.0,-3.0,-3.0,48.0,,-2.96388862376682,,,-1.325473396874107
50.0,52.0,13.034985,83.0,1.0,75.0,38.0,-37.0,-37.0,-25.0,,-2.7823236576137504,,,-1.2888104731892858
6.0,125.0,6.421685,84.0,1.0,23.0,27.0,4.0,7.795671144159596,-17.0,,-2.93021564584192,,,-1.244910579706019
123.0,122.0,4.534185,85.0,1.0,50.0,52.0,2.0,2.0000000000000466,-73.0,,-2.3784493266031896,,,-1.1937528099712975
105.0,66.0,19.7016,1.0,2.0,123.0,122.0,-1.0,-0.9999999999998308,-18.0,,-2.3463507308548484,,,-1.1353920242434858
81.0,84.0,6.959510000000001,4.0,2.0,16.0,117.0,-45.0,-44.999999999999645,65.0,,-1.8750038969173384,,,-1.0699621577261174
113.0,112.0,4.64584,5.0,2.0,92.0,84.0,-8.0,-8.0,21.0,,-1.5551735222871277,,,-0.99767826138455
132.0,119.0,7.57028,6.0,2.0,81.0,84.0,3.0,2.998910028481904,51.0,,-1.5459352434571887,,,-0.9188371563681573
71.0,46.0,10.21159,7.0,2.0,113.0,112.0,-1.0,-1.0,-42.0,,-2.0676979860445117,,,-0.8338166139915583
73.0,43.0,0.827775,8.0,2.0,132.0,119.0,-13.0,-13.0,-59.0,,-2.348288328741283,,,-0.7430730088255467
14.0,121.0,7.928035,9.0,2.0,71.0,46.0,-25.0,-25.0,-57.0,,-2.581285088969636,,,-0.6471374316578328
12.0,127.0,3.479475,10.0,2.0,73.0,43.0,-30.0,-30.0,-61.0,,-3.0326298147949555,,,-0.5466102906342646
39.0,80.0,11.54775,11.0,2.0,14.0,121.0,-39.0,-39.0,25.0,,-2.4511323328694012,,,-0.44215447134355934
143.0,111.0,7.469705,13.0,2.0,39.0,80.0,41.0,41.0,-42.0,,-2.4858155777481286,,,-0.33448716841580434
75.0,65.0,9.149285,14.0,2.0,119.0,75.0,-44.0,-44.0,-44.0,,-2.32060912763366,,,-0.22437054078254806
59.0,65.0,10.03684,16.0,2.0,75.0,65.0,-10.0,-10.0,-16.0,,-2.1995323961196243,,,-0.11260137854675539
103.0,101.0,9.30979,17.0,2.0,53.0,68.0,15.0,15.001230329383304,50.0,,-2.3145944377303107,,,0.0
127.0,70.0,9.84243,18.0,2.0,59.0,65.0,6.0,6.000000000000123,68.0,,-1.8678833339149685,,,0.11260137854675539
78.0,70.0,0.94394,19.0,2.0,103.0,101.0,-2.0,6.001484897492952,-25.0,,-1.6146152295578402,,,0.22437054078254806
125.0,76.0,4.59531,20.0,2.0,127.0,70.0,-57.0,-56.99999999999983,-2.0,,-1.6680944195014662,,,0.33448716841580434
88.0,62.0,16.99756,21.0,2.0,78.0,70.0,-8.0,-15.872858818798488,10.0,,-2.3827818410674486,,,0.44215447134355934
55.0,67.0,5.818925,22.0,2.0,125.0,76.0,-49.0,-35.63630524077908,-70.0,,-2.6433637544793624,,,0.5466102906342646
127.0,86.0,12.482335,23.0,2.0,88.0,62.0,-26.0,-26.001341512672845,39.0,,-2.483048703895757,,,0.6471374316578328
67.0,68.0,6.251395,24.0,2.0,55.0,67.0,12.0,12.0,12.0,,-2.3063551887950986,,,0.7430730088255467
96.0,102.0,12.578975,25.0,2.0,127.0,86.0,-41.0,-40.99999999999983,-31.0,,-2.468771544378829,,,0.8338166139915583
4.0,119.0,6.05952,27.0,2.0,96.0,102.0,6.0,6.0,54.0,,-2.806699210299664,,,0.9188371563681573
47.0,49.0,5.123685,29.0,2.0,4.0,119.0,-31.0,-30.99999999999995,43.0,,-3.2461589449401065,,,0.99767826138455
68.0,68.0,4.029655,30.0,2.0,51.0,50.0,-1.0,-0.9987696706166965,17.0,,-3.097348310726555,,,1.0699621577261174
90.0,92.0,10.051680000000001,31.0,2.0,47.0,49.0,2.0,3.2493289517249195,43.0,,-2.8739125699048804,,,1.1353920242434858
3.0,119.0,3.068575,32.0,2.0,68.0,68.0,0.0,0.007549346380285135,-65.0,,-2.17031957231042,,,1.1937528099712975
84.0,82.0,0.9969299999999999,33.0,2.0,90.0,92.0,2.0,1.9986584873272273,-6.0,,-1.8897384777234525,,,1.244910579706019
86.0,86.0,4.99517,34.0,2.0,3.0,119.0,-30.0,-29.998655917767643,-63.0,,-1.7352062969016984,,,1.2888104731892858
115.0,80.0,7.132855,35.0,2.0,84.0,82.0,-2.0,2.2862410278217906,31.0,,-1.5461234437522453,,,1.325473396874107
54.0,49.0,12.43177,36.0,2.0,86.0,86.0,0.0,-5.556934262796218,-32.0,,-1.2117078354684987,,,1.354991592713388
42.0,55.0,3.2225650000000003,37.0,2.0,115.0,80.0,-35.0,-35.0,-73.0,,-1.436976322466832,,,1.3775232478729413
87.0,96.0,12.682405000000001,38.0,2.0,54.0,49.0,-5.0,-4.999999999999954,33.0,,-1.5052031210282963,,,1.393286322479673
36.0,61.0,5.62165,40.0,2.0,87.0,96.0,9.0,8.998135387284432,-51.0,,-2.002726526556928,,,1.4025517794817193
109.0,102.0,4.166945,41.0,2.0,48.0,52.0,4.0,4.00041910317326,61.0,,-1.9088284877175856,,,1.4056364016770708
119.0,91.0,6.810035000000001,42.0,2.0,36.0,61.0,25.0,25.0,-63.0,,-1.6084242285118453,,,1.4028953764285779
27.0,44.0,7.1223399999999994,43.0,2.0,109.0,102.0,-7.0,-7.0,64.0,,-1.3498391067068627,,,1.394714819166484
72.0,87.0,4.90998,44.0,2.0,119.0,91.0,-28.0,-28.0,-47.0,,-1.0203405127088598,,,1.3815043932525375
97.0,98.0,4.218255,45.0,2.0,27.0,44.0,17.0,17.0,70.0,,-0.38353821392560905,,,1.3636901669918466
90.0,86.0,9.303289999999999,46.0,2.0,72.0,87.0,15.0,15.0,18.0,,0.1792690955984193,,,1.341707829415868
96.0,99.0,11.208825,47.0,2.0,97.0,98.0,1.0,1.0,-1.0,,-0.04175599496969621,,,1.3159963658026923
52.0,46.0,6.21185,48.0,2.0,90.0,86.0,-4.0,-4.001341512672773,-38.0,,-0.26261908213300456,,,1.2869922725874041
73.0,49.0,0.96278,49.0,2.0,96.0,99.0,3.0,3.0,-23.0,,-0.21217197879426258,,,1.2551243701113721
39.0,56.0,12.66275,50.0,2.0,52.0,46.0,-6.0,-2.3324397981493195,-13.0,,0.0990556911355856,,,1.2208092512347821
38.0,52.0,7.4180649999999995,51.0,2.0,73.0,49.0,-24.0,-24.0,-35.0,,-0.010989679651081899,,,1.1844473847500936
132.0,122.0,1.24215,52.0,2.0,39.0,56.0,17.0,17.0,-53.0,,0.04245890220501223,,,1.146419875223909
15.0,24.0,3.08002,53.0,2.0,38.0,52.0,14.0,14.0,-23.0,,-0.14623119865674952,,,1.1070858656780176
147.0,128.0,5.916395,54.0,2.0,132.0,122.0,-10.0,-10.0,15.0,,0.2803268062570903,,,1.0667805565963588
4.0,124.0,17.92002,55.0,2.0,15.0,24.0,9.0,9.0,-11.0,,0.5839370459549156,,,1.0258138042037885
134.0,119.0,16.95901,56.0,2.0,147.0,128.0,-19.0,-19.0,-13.0,,1.0290115256999002,,,0.9844692527986231
89.0,90.0,5.58108,57.0,2.0,4.0,124.0,-26.0,-25.99999999999995,-61.0,,1.2656648791577725,,,0.9430039500459683
89.0,91.0,5.92893,58.0,2.0,134.0,119.0,-15.0,-15.0,-45.0,,1.0802509908452844,,,0.9016483903988984
25.0,37.0,10.611005,59.0,2.0,89.0,90.0,1.0,-2.998992916619489,-64.0,,1.1351726418168688,,,0.8606069300061711
30.0,64.0,7.62892,60.0,2.0,89.0,91.0,2.0,-1.998992916619489,-59.0,,1.4691152840760995,,,0.8200585163511309
39.0,46.0,3.147185,61.0,2.0,25.0,37.0,12.0,12.000000000000048,14.0,,2.315718766577813,,,0.7801576771902706
32.0,49.0,7.512915,62.0,2.0,30.0,64.0,34.0,38.81869981674676,2.0,,2.2553946542747285,,,0.7410357158588133
132.0,135.0,8.491060000000001,63.0,2.0,39.0,46.0,7.0,7.0,-53.0,,2.1390067198881333,,,0.7028020634264237
14.0,25.0,11.569625,64.0,2.0,32.0,49.0,17.0,17.00000000000006,-18.0,,2.122718912838223,,,0.6655457422738804
17.0,30.0,3.8189349999999997,65.0,2.0,132.0,135.0,3.0,3.0,31.0,,1.9559316076842292,,,0.6293369001963758
86.0,105.0,1.75767,66.0,2.0,14.0,25.0,11.0,11.0,72.0,,1.578424910123768,,,0.5942283789207665
90.0,90.0,6.677725,67.0,2.0,17.0,30.0,13.0,13.009393429213034,-73.0,,1.592738127087978,,,0.5602572857796414
99.0,109.0,4.87575,68.0,2.0,86.0,105.0,19.0,13.443065737203781,13.0,,1.1996373059698417,,,0.5274465420700397
146.0,20.0,5.79714,70.0,2.0,99.0,109.0,10.0,10.0,47.0,,1.0576119818858858,,,0.49580638622284096
140.0,124.0,0.9129799999999999,71.0,2.0,70.0,48.0,-22.0,-22.0,70.0,,0.790285231379588,,,0.46533581423105624
145.0,142.0,1.297095,72.0,2.0,146.0,20.0,20.0,20.000000000000117,-1.0,,0.6136979518247808,,,0.43602394376715176
23.0,65.0,4.528925,73.0,2.0,140.0,124.0,-16.0,-15.714286758832296,29.0,,0.032154942852044156,,,0.40785129201917997
63.0,59.0,5.6323300000000005,74.0,2.0,145.0,142.0,-3.0,-2.996898799487936,64.0,,-0.07243345924972072,,,0.3807909604701751
98.0,101.0,4.694815,75.0,2.0,23.0,65.0,42.0,45.7956711441596,-71.0,,-0.16997999882819245,,,0.35480972262876975
135.0,81.0,9.765135,76.0,2.0,63.0,59.0,-4.0,-3.9947441759998914,72.0,,-0.26170117346729793,,,0.32986901309815375
51.0,51.0,8.162365,77.0,2.0,98.0,101.0,3.0,3.0,-47.0,,-0.9467508710074142,,,0.30592581836282845
10.0,131.0,15.832770000000002,79.0,2.0,51.0,51.0,0.0,0.0012303293833034962,-41.0,,-1.5318449670055416,,,0.2829334713030785
118.0,121.0,17.50067,80.0,2.0,145.0,138.0,-7.0,-6.996898799487936,-27.0,,-1.4129068613136162,,,0.26084235274635803
30.0,65.0,5.345605,81.0,2.0,10.0,131.0,-25.0,-24.99187292555521,20.0,,-0.954677282551304,,,0.23960050436656224
81.0,60.0,13.591389999999999,82.0,2.0,118.0,121.0,3.0,3.0,-37.0,,-0.7821118459307564,,,0.21915415798207966
51.0,58.0,1.9598,83.0,2.0,30.0,65.0,35.0,39.81869981674676,21.0,,0.07900838288034366,,,0.19944818681717622
124.0,86.0,4.06102,84.0,2.0,81.0,60.0,-21.0,-21.001089971518095,43.0,,0.057737201165169345,,,0.18042648461365898
27.0,63.0,5.8477,85.0,2.0,51.0,58.0,7.0,7.001230329383303,-24.0,,-0.26972334167106665,,,0.1620322786439892
132.0,71.0,4.058294999999999,1.0,3.0,27.0,63.0,36.0,36.0,-41.0,,-0.7869556972447026,,,0.14420838271411868
140.0,134.0,10.709480000000001,4.0,3.0,36.0,29.0,-7.0,-7.0,-42.0,,-0.8200936261557678,,,0.12689739618255397
83.0,18.0,1.07685,5.0,3.0,92.0,111.0,19.0,19.0,-9.0,,-1.0330728964666527,,,0.11004185488706891
68.0,76.0,7.475555,6.0,3.0,140.0,134.0,-6.0,-5.714286758832296,-72.0,,-1.3296919151399282,,,0.09358433968466316
101.0,101.0,2.4212599999999997,7.0,3.0,83.0,18.0,-65.0,-64.99856259526562,18.0,,-1.1843532206047431,,,0.07746754809357023
63.0,59.0,10.51489,8.0,3.0,68.0,76.0,8.0,8.007549346380285,-5.0,,-1.070798887707022,,,0.061634334295350535
126.0,119.0,2.076395,9.0,3.0,101.0,101.0,0.0,0.0036894320205876833,25.0,,-1.2426879553471497,,,0.046027722524797
37.0,69.0,9.202060000000001,10.0,3.0,63.0,59.0,-4.0,-3.9947441759998914,-26.0,,-2.2419594404397953,,,0.03059089865756317
138.0,123.0,0.858655,11.0,3.0,126.0,119.0,-7.0,-6.995516979837585,12.0,,-2.865675348820154,,,0.015267184609948718
36.0,53.0,3.4957550000000004,12.0,3.0,37.0,69.0,32.0,32.0,-1.0,,-3.1574419530102658,,,4.3418493848861834e-17
77.0,81.0,11.59275,13.0,3.0,138.0,123.0,-15.0,-14.995500640035551,-61.0,,,,,
36.0,37.0,15.6791,14.0,3.0,36.0,53.0,17.0,17.0,0.0,,,,,
115.0,88.0,4.85964,16.0,3.0,36.0,37.0,1.0,1.0,-67.0,,,,,
73.0,83.0,3.8235699999999997,17.0,3.0,106.0,95.0,-11.0,-11.0,-33.0,,,,,
100.0,104.0,1.283555,18.0,3.0,115.0,88.0,-27.0,-27.0,-15.0,,,,,
22.0,22.0,10.16405,19.0,3.0,73.0,83.0,10.0,10.0,-51.0,,,,,
126.0,83.0,6.744805,20.0,3.0,100.0,104.0,4.0,4.000000000000139,26.0,,,,,
123.0,114.0,0.732085,22.0,3.0,126.0,83.0,-43.0,-42.99551697983758,-3.0,,,,,
103.0,108.0,16.267979999999998,23.0,3.0,61.0,49.0,-12.0,-2.327129451793386,42.0,,,,,
80.0,84.0,15.324825,24.0,3.0,123.0,114.0,-9.0,-8.999999999999831,-43.0,,,,,
123.0,95.0,7.4489399999999995,25.0,3.0,103.0,108.0,5.0,13.001484897492952,20.0,,,,,
3.0,125.0,14.644985,27.0,3.0,123.0,95.0,-28.0,-27.99999999999983,26.0,,,,,
143.0,139.0,4.560325,28.0,3.0,41.0,41.0,0.0,1.0468055492339896e-125,-44.0,,,,,
71.0,82.0,6.52445,29.0,3.0,3.0,125.0,-24.0,-23.998655917767643,68.0,,,,,
80.0,89.0,4.81151,30.0,3.0,143.0,139.0,-4.0,17.00094933851176,-63.0,,,,,
82.0,89.0,13.25032,31.0,3.0,71.0,82.0,11.0,11.0,11.0,,,,,
144.0,130.0,7.973655,32.0,3.0,80.0,89.0,9.0,5.750840697484017,64.0,,,,,
112.0,93.0,3.463455,33.0,3.0,82.0,89.0,7.0,7.000000000000013,30.0,,,,,
46.0,51.0,3.28416,34.0,3.0,144.0,130.0,-14.0,-4.748407571620781,48.0,,,,,
125.0,120.0,2.76185,35.0,3.0,112.0,93.0,-19.0,-19.0,13.0,,,,,
30.0,118.0,8.07703,36.0,3.0,46.0,51.0,5.0,5.00041910317326,-16.0,,,,,
20.0,18.0,6.75771,37.0,3.0,125.0,120.0,-5.0,8.363694759220918,41.0,,,,,
38.0,43.0,6.12139,38.0,3.0,30.0,118.0,-58.0,-53.18130018325324,8.0,,,,,
128.0,20.0,1.8337,39.0,3.0,20.0,18.0,-2.0,-1.9896041771211899,-38.0,,,,,
49.0,46.0,3.8453199999999996,40.0,3.0,38.0,43.0,5.0,5.0,11.0,,,,,
126.0,38.0,5.10816,41.0,3.0,128.0,20.0,38.0,38.0,-2.0,,,,,
29.0,34.0,2.317725,42.0,3.0,49.0,46.0,-3.0,-2.999999999999984,-20.0,,,,,
21.0,130.0,5.543515,43.0,3.0,126.0,38.0,58.0,58.00448302016242,41.0,,,,,
18.0,16.0,4.1772,44.0,3.0,29.0,34.0,5.0,5.001616493703599,-11.0,,,,,
16.0,145.0,6.21115,45.0,3.0,21.0,130.0,-37.0,-6.010488758597074,-5.0,,,,,
58.0,29.0,3.3609150000000003,46.0,3.0,18.0,16.0,-2.0,26.00141783830745,40.0,,,,,
41.0,43.0,1.74563,47.0,3.0,16.0,145.0,-17.0,-16.999999999999645,25.0,,,,,
135.0,33.0,5.4021099999999995,48.0,3.0,58.0,29.0,-29.0,-29.0,-69.0,,,,,
105.0,103.0,0.85011,49.0,3.0,41.0,43.0,2.0,2.0,64.0,,,,,
25.0,22.0,4.348885,50.0,3.0,135.0,33.0,44.0,44.00000000000014,36.0,,,,,
59.0,41.0,9.977855,51.0,3.0,105.0,103.0,-2.0,-1.9999999999998987,-46.0,,,,,
94.0,95.0,0.71243,53.0,3.0,59.0,41.0,-18.0,-17.99999999999988,35.0,,,,,
125.0,46.0,0.6818850000000001,54.0,3.0,100.0,106.0,6.0,6.000000000000139,25.0,,,,,
94.0,96.0,11.375595,55.0,3.0,94.0,95.0,1.0,1.0,0.0,,,,,
38.0,46.0,4.135685,57.0,3.0,94.0,96.0,2.0,2.0,-56.0,,,,,
87.0,112.0,6.393015,58.0,3.0,46.0,47.0,1.0,1.0004191031732603,41.0,,,,,
53.0,48.0,5.76746,59.0,3.0,38.0,46.0,8.0,8.0,15.0,,,,,
63.0,48.0,6.3813699999999995,60.0,3.0,87.0,112.0,25.0,24.99813538728443,-24.0,,,,,
33.0,55.0,5.09745,61.0,3.0,53.0,48.0,-5.0,-4.998769670616697,-20.0,,,,,
64.0,57.0,4.196155,62.0,3.0,63.0,48.0,-15.0,-14.994744175999891,1.0,,,,,
80.0,61.0,5.737855000000001,63.0,3.0,33.0,55.0,22.0,22.0,47.0,,,,,
125.0,127.0,4.760175,64.0,3.0,64.0,57.0,-7.0,8.66739053124448,61.0,,,,,
146.0,125.0,6.7769699999999995,65.0,3.0,80.0,61.0,-19.0,-22.249159302515984,66.0,,,,,
60.0,37.0,8.27919,66.0,3.0,125.0,127.0,2.0,15.363694759220918,-65.0,,,,,
11.0,9.0,6.167355000000001,67.0,3.0,146.0,125.0,-21.0,-20.999999999999883,11.0,,,,,
1.0,122.0,3.765325,68.0,3.0,60.0,37.0,-23.0,-22.996755113426538,-59.0,,,,,
40.0,37.0,6.01799,69.0,3.0,11.0,9.0,-2.0,22.226467477477286,29.0,,,,,
46.0,37.0,0.86931,70.0,3.0,1.0,122.0,-25.0,-24.998655917767643,45.0,,,,,
37.0,53.0,3.3941449999999995,71.0,3.0,40.0,37.0,-3.0,-3.0,-3.0,,,,,
130.0,115.0,0.647575,72.0,3.0,46.0,37.0,-9.0,-8.999580896826739,-62.0,,,,,
1.0,23.0,0.729655,73.0,3.0,37.0,53.0,16.0,16.0,-36.0,,,,,
41.0,68.0,1.62825,74.0,3.0,130.0,115.0,-15.0,-15.0,57.0,,,,,
76.0,55.0,3.3139550000000004,75.0,3.0,1.0,23.0,22.0,22.001344082232357,-71.0,,,,,
89.0,92.0,5.7279800000000005,76.0,3.0,41.0,68.0,27.0,27.0,48.0,,,,,
78.0,135.0,3.89735,77.0,3.0,76.0,55.0,-21.0,-21.0000000000001,2.0,,,,,
127.0,137.0,14.587955,78.0,3.0,89.0,92.0,3.0,-0.9989929166194891,38.0,,,,,
108.0,91.0,13.123385,79.0,3.0,78.0,135.0,57.0,49.12714118120151,30.0,,,,,
66.0,39.0,5.444735,80.0,3.0,127.0,137.0,10.0,10.000000000000169,-61.0,,,,,
98.0,103.0,2.49391,81.0,3.0,108.0,91.0,-17.0,-17.0,-10.0,,,,,
120.0,132.0,5.810155,83.0,3.0,98.0,103.0,5.0,5.0,22.0,,,,,
13.0,35.0,4.16678,84.0,3.0,69.0,38.0,-31.0,-30.999999999999716,-56.0,,,,,
108.0,104.0,3.33085,85.0,3.0,120.0,132.0,12.0,12.0,-12.0,,,,,
126.0,28.0,5.415,4.0,1.0,147.0,27.0,26.0,26.0,-21.0,,,,,
88.0,80.0,7.2139999999999995,5.0,1.0,65.0,47.0,-18.0,-17.995678862107997,23.0,,,,,
50.0,55.0,8.599,6.0,1.0,126.0,28.0,48.0,48.00448302016242,70.0,,,,,
70.0,64.0,4.599,7.0,1.0,88.0,80.0,-8.0,-8.001341512672843,-18.0,,,,,
78.0,70.0,11.832,8.0,1.0,50.0,55.0,5.0,5.000000000000046,28.0,,,,,
130.0,121.0,5.817,9.0,1.0,70.0,64.0,-6.0,-6.0,60.0,,,,,
10.0,18.0,4.499,10.0,1.0,78.0,70.0,-8.0,-15.872858818798488,-68.0,,,,,
32.0,29.0,6.582999999999999,11.0,1.0,130.0,121.0,-9.0,-9.0,48.0,,,,,
143.0,124.0,3.9989999999999997,12.0,1.0,10.0,18.0,8.0,8.00812707444479,-13.0,,,,,
74.0,70.0,5.9479999999999995,13.0,1.0,32.0,29.0,-3.0,-2.999999999999939,42.0,,,,,
79.0,36.0,3.65,14.0,1.0,143.0,124.0,-19.0,2.0009493385117594,-64.0,,,,,
29.0,31.0,9.315,15.0,1.0,74.0,70.0,-4.0,-4.0,-45.0,,,,,
98.0,101.0,4.165,16.0,1.0,79.0,36.0,-43.0,-43.00373102142655,19.0,,,,,
43.0,52.0,3.9989999999999997,17.0,1.0,29.0,31.0,2.0,2.001616493703599,14.0,,,,,
92.0,87.0,8.499,18.0,1.0,98.0,101.0,3.0,3.0,-6.0,,,,,
34.0,34.0,13.332,19.0,1.0,43.0,52.0,9.0,9.0,-9.0,,,,,
74.0,82.0,8.199,20.0,1.0,92.0,87.0,-5.0,-5.0,-18.0,,,,,
36.0,37.0,2.699,21.0,1.0,34.0,34.0,0.0,1.2394704832586307e-55,2.0,,,,,
15.0,27.0,5.032,22.0,1.0,74.0,82.0,8.0,8.0,-59.0,,,,,
119.0,29.0,2.833,23.0,1.0,36.0,37.0,1.0,1.0,-63.0,,,,,
49.0,39.0,3.548,24.0,1.0,15.0,27.0,12.0,12.0,34.0,,,,,
45.0,42.0,7.148,25.0,1.0,119.0,29.0,56.0,56.0,72.0,,,,,
9.0,12.0,13.832,26.0,1.0,49.0,39.0,-10.0,-9.999999999999984,-40.0,,,,,
108.0,106.0,4.648,27.0,1.0,45.0,42.0,-3.0,-2.999999999999984,63.0,,,,,
91.0,80.0,7.599,28.0,1.0,9.0,12.0,3.0,3.000000000000307,-64.0,,,,,
41.0,39.0,6.066,29.0,1.0,108.0,106.0,-2.0,-2.0,-67.0,,,,,
8.0,25.0,3.5980000000000003,30.0,1.0,91.0,80.0,-11.0,-11.000000000000052,63.0,,,,,
108.0,71.0,8.615,31.0,1.0,41.0,39.0,-2.0,-2.0,67.0,,,,,
6.0,6.0,3.1660000000000004,32.0,1.0,8.0,25.0,17.0,17.0,-2.0,,,,,
139.0,21.0,3.432,33.0,1.0,108.0,71.0,-37.0,-37.0,31.0,,,,,
70.0,38.0,2.414,34.0,1.0,6.0,6.0,0.0,1.0305949539857929e-55,64.0,,,,,
52.0,44.0,1.982,35.0,1.0,139.0,21.0,28.0,30.003444744380687,59.0,,,,,
74.0,46.0,7.547999999999999,36.0,1.0,70.0,38.0,-32.0,-32.0,4.0,,,,,
40.0,61.0,5.247999999999999,37.0,1.0,52.0,44.0,-8.0,-4.33243979814932,-12.0,,,,,
103.0,60.0,8.516,38.0,1.0,74.0,46.0,-28.0,-28.0,29.0,,,,,
79.0,65.0,9.965,39.0,1.0,40.0,61.0,21.0,21.0,39.0,,,,,
70.0,41.0,4.5489999999999995,40.0,1.0,103.0,60.0,-43.0,-34.99851510250705,-33.0,,,,,
64.0,41.0,7.216,41.0,1.0,79.0,65.0,-14.0,-14.003731021426555,-15.0,,,,,
76.0,70.0,4.165,42.0,1.0,70.0,41.0,-29.0,-29.0,6.0,,,,,
113.0,28.0,3.915,43.0,1.0,64.0,41.0,-23.0,-7.332609468755519,49.0,,,,,
133.0,131.0,3.9160000000000004,44.0,1.0,76.0,70.0,-6.0,-6.0000000000000995,57.0,,,,,
62.0,35.0,1.599,45.0,1.0,113.0,28.0,61.0,61.0,-51.0,,,,,
4.0,8.0,4.4830000000000005,46.0,1.0,133.0,131.0,-2.0,-2.0,17.0,,,,,
87.0,79.0,2.249,47.0,1.0,62.0,35.0,-27.0,-26.99675511342634,25.0,,,,,
143.0,2.0,12.265,48.0,1.0,4.0,8.0,4.0,4.000000000000051,-7.0,,,,,
96.0,67.0,10.581,49.0,1.0,87.0,79.0,-8.0,-8.001864612715568,9.0,,,,,
70.0,38.0,5.215,50.0,1.0,143.0,2.0,5.0,26.00094933851176,-73.0,,,,,
47.0,41.0,10.366,52.0,1.0,70.0,38.0,-32.0,-32.0,-23.0,,,,,
102.0,98.0,13.982999999999999,53.0,1.0,88.0,85.0,-3.0,-3.001341512672843,14.0,,,,,
116.0,82.0,5.332999999999999,54.0,1.0,47.0,41.0,-6.0,-4.7506710482750805,69.0,,,,,
40.0,78.0,8.449,55.0,1.0,102.0,98.0,-4.0,7.000724810600703,-62.0,,,,,
80.0,86.0,5.565,56.0,1.0,116.0,82.0,-34.0,-34.0,-36.0,,,,,
50.0,33.0,4.249,57.0,1.0,40.0,78.0,38.0,38.0,10.0,,,,,
56.0,41.0,2.9810000000000003,58.0,1.0,80.0,86.0,6.0,2.7508406974840174,-24.0,,,,,
139.0,131.0,3.516,59.0,1.0,50.0,33.0,-17.0,-16.999999999999954,-57.0,,,,,
32.0,31.0,4.533,60.0,1.0,56.0,41.0,-15.0,-15.0,-24.0,,,,,
71.0,64.0,5.566,61.0,1.0,139.0,131.0,-8.0,-5.996555255619312,-68.0,,,,,
61.0,36.0,9.949,62.0,1.0,32.0,31.0,-1.0,-0.9999999999999389,29.0,,,,,
70.0,39.0,2.1319999999999997,63.0,1.0,71.0,64.0,-7.0,-7.0,-1.0,,,,,
33.0,40.0,3.3489999999999998,64.0,1.0,61.0,36.0,-25.0,-15.327129451793386,-28.0,,,,,
95.0,86.0,7.414,65.0,1.0,70.0,39.0,-31.0,-31.0,25.0,,,,,
64.0,57.0,8.298,66.0,1.0,33.0,40.0,7.0,7.0,31.0,,,,,
141.0,43.0,6.016,67.0,1.0,95.0,86.0,-9.0,-9.0,46.0,,,,,
138.0,129.0,7.215,68.0,1.0,64.0,57.0,-7.0,8.66739053124448,-72.0,,,,,
21.0,6.0,8.613999999999999,69.0,1.0,141.0,43.0,48.0,49.75071253869719,26.0,,,,,
55.0,25.0,7.632999999999999,70.0,1.0,138.0,129.0,-9.0,-8.995500640035551,63.0,,,,,
74.0,30.0,5.415,72.0,1.0,55.0,25.0,-30.0,-30.0,19.0,,,,,
34.0,29.0,4.4830000000000005,73.0,1.0,74.0,77.0,3.0,3.0,-40.0,,,,,
109.0,86.0,1.999,74.0,1.0,74.0,30.0,-44.0,-44.0,35.0,,,,,
50.0,40.0,3.833,75.0,1.0,34.0,29.0,-5.0,-5.0,16.0,,,,,
124.0,95.0,1.966,76.0,1.0,109.0,86.0,-23.0,-23.0,15.0,,,,,
77.0,87.0,3.9160000000000004,77.0,1.0,50.0,40.0,-10.0,-9.999999999999954,27.0,,,,,
125.0,12.0,4.098,78.0,1.0,124.0,95.0,-29.0,-28.995516979837586,1.0,,,,,
117.0,120.0,10.615,79.0,1.0,77.0,87.0,10.0,9.99735895009154,40.0,,,,,
7.0,126.0,4.949,80.0,1.0,125.0,12.0,33.0,46.36369475922092,28.0,,,,,
24.0,29.0,12.265,81.0,1.0,117.0,120.0,3.0,3.0,53.0,,,,,
126.0,119.0,8.249,82.0,1.0,7.0,126.0,-27.0,-27.0,-27.0,,,,,
32.0,118.0,6.382000000000001,83.0,1.0,24.0,29.0,5.0,5.001273305816674,8.0,,,,,
1.0,23.0,5.332999999999999,84.0,1.0,126.0,119.0,-7.0,-6.995516979837585,21.0,,,,,
132.0,22.0,2.715,85.0,1.0,32.0,118.0,-60.0,-59.999999999999936,-46.0,,,,,
42.0,36.0,5.199,1.0,2.0,132.0,22.0,36.0,36.0,56.0,,,,,
39.0,30.0,4.232,4.0,2.0,19.0,20.0,1.0,1.0093934292134275,20.0,,,,,
131.0,120.0,2.516,5.0,2.0,128.0,120.0,-8.0,-8.0,3.0,,,,,
23.0,29.0,2.049,6.0,2.0,39.0,30.0,-9.0,-9.0,-16.0,,,,,
145.0,132.0,2.483,7.0,2.0,131.0,120.0,-11.0,-11.0,14.0,,,,,
75.0,74.0,1.882,8.0,2.0,23.0,29.0,6.0,9.795671144159595,52.0,,,,,
27.0,72.0,1.265,9.0,2.0,145.0,132.0,-13.0,-12.996898799487935,28.0,,,,,
141.0,12.0,3.866,10.0,2.0,75.0,74.0,-1.0,-1.0,66.0,,,,,
15.0,16.0,2.015,11.0,2.0,27.0,72.0,45.0,45.0,-12.0,,,,,
86.0,86.0,2.766,12.0,2.0,141.0,12.0,17.0,18.750712538697186,-55.0,,,,,
128.0,114.0,1.7990000000000002,13.0,2.0,15.0,16.0,1.0,1.0,-33.0,,,,,
25.0,25.0,3.449,14.0,2.0,86.0,86.0,0.0,-5.556934262796218,-61.0,,,,,
130.0,8.0,6.0329999999999995,15.0,2.0,128.0,114.0,-14.0,-14.0,2.0,,,,,
75.0,76.0,9.566,16.0,2.0,25.0,25.0,0.0,4.8069007739551854e-14,50.0,,,,,
105.0,103.0,3.432,17.0,2.0,130.0,8.0,24.0,24.0,-25.0,,,,,
100.0,103.0,2.717,18.0,2.0,75.0,76.0,1.0,1.0,25.0,,,,,
80.0,104.0,1.8,19.0,2.0,105.0,103.0,-2.0,-1.9999999999998987,-25.0,,,,,
11.0,125.0,2.7,20.0,2.0,100.0,103.0,3.0,3.0000000000001394,57.0,,,,,
129.0,120.0,3.014,21.0,2.0,80.0,104.0,24.0,20.750840697484016,49.0,,,,,
64.0,31.0,1.599,22.0,2.0,11.0,125.0,-32.0,-7.773532522522714,53.0,,,,,
35.0,75.0,1.848,23.0,2.0,129.0,120.0,-9.0,-9.0,52.0,,,,,
109.0,85.0,3.6639999999999997,24.0,2.0,64.0,31.0,-33.0,-17.33260946875552,45.0,,,,,
38.0,73.0,10.965,25.0,2.0,35.0,75.0,40.0,40.0,3.0,,,,,
130.0,19.0,3.2319999999999998,26.0,2.0,109.0,85.0,-24.0,-24.0,21.0,,,,,
111.0,76.0,3.483,27.0,2.0,38.0,73.0,35.0,35.0,-73.0,,,,,
109.0,80.0,3.548,28.0,2.0,130.0,19.0,35.0,35.0,-21.0,,,,,
2.0,135.0,3.698,29.0,2.0,111.0,76.0,-35.0,-35.0,37.0,,,,,
115.0,122.0,9.115,30.0,2.0,109.0,80.0,-29.0,-29.0,6.0,,,,,
51.0,36.0,4.115,31.0,2.0,2.0,135.0,-13.0,-8.99334733421382,49.0,,,,,
10.0,8.0,2.898,32.0,2.0,115.0,122.0,7.0,7.0,41.0,,,,,
6.0,5.0,3.6319999999999997,33.0,2.0,51.0,36.0,-15.0,-14.998769670616696,-45.0,,,,,
58.0,42.0,3.165,34.0,2.0,10.0,8.0,-2.0,-1.9918729255552108,48.0,,,,,
77.0,76.0,1.632,35.0,2.0,6.0,5.0,-1.0,-1.0,71.0,,,,,
41.0,45.0,4.382,36.0,2.0,58.0,42.0,-16.0,-16.0,-17.0,,,,,
19.0,71.0,3.8989999999999996,37.0,2.0,77.0,76.0,-1.0,-1.0026410499084597,-58.0,,,,,
19.0,39.0,3.4989999999999997,38.0,2.0,41.0,45.0,4.0,4.0,-22.0,,,,,
60.0,37.0,4.849,39.0,2.0,19.0,71.0,52.0,52.009393429213425,41.0,,,,,
39.0,40.0,4.015,40.0,2.0,19.0,39.0,20.0,20.00939342921343,20.0,,,,,
81.0,73.0,2.282,41.0,2.0,60.0,37.0,-23.0,-22.996755113426538,21.0,,,,,
125.0,118.0,4.765,42.0,2.0,39.0,40.0,1.0,1.0,-60.0,,,,,
11.0,122.0,4.166,43.0,2.0,81.0,73.0,-8.0,-8.001089971518097,-70.0,,,,,
51.0,56.0,1.865,44.0,2.0,125.0,118.0,-7.0,6.363694759220918,72.0,,,,,
24.0,32.0,3.299,45.0,2.0,11.0,122.0,-35.0,-10.773532522522714,13.0,,,,,
44.0,37.0,2.9989999999999997,46.0,2.0,51.0,56.0,5.0,5.001230329383303,-7.0,,,,,
45.0,41.0,10.049,47.0,2.0,24.0,32.0,8.0,8.001273305816673,21.0,,,,,
111.0,95.0,5.415,48.0,2.0,44.0,37.0,-7.0,-7.0,67.0,,,,,
28.0,29.0,2.7319999999999998,49.0,2.0,45.0,41.0,-4.0,-3.999999999999984,-17.0,,,,,
7.0,15.0,5.349,50.0,2.0,111.0,95.0,-16.0,-16.0,42.0,,,,,
140.0,21.0,10.032,51.0,2.0,28.0,29.0,1.0,1.000000000000061,-34.0,,,,,
38.0,66.0,2.549,52.0,2.0,7.0,15.0,8.0,8.0,31.0,,,,,
12.0,22.0,2.681,53.0,2.0,140.0,21.0,27.0,27.285713241167706,18.0,,,,,
11.0,26.0,3.799,54.0,2.0,38.0,66.0,28.0,28.0,-27.0,,,,,
139.0,17.0,3.366,55.0,2.0,12.0,22.0,10.0,10.00812707444479,-19.0,,,,,
120.0,24.0,1.431,56.0,2.0,11.0,26.0,15.0,39.226467477477286,-37.0,,,,,
45.0,39.0,2.866,57.0,2.0,139.0,17.0,24.0,26.003444744380687,52.0,,,,,
29.0,39.0,4.098,58.0,2.0,120.0,24.0,50.0,50.0,55.0,,,,,
121.0,57.0,2.415,59.0,2.0,45.0,39.0,-6.0,-5.999999999999984,-70.0,,,,,
42.0,56.0,7.0489999999999995,60.0,2.0,29.0,39.0,10.0,10.0016164937036,13.0,,,,,
119.0,117.0,5.832000000000001,61.0,2.0,121.0,57.0,-64.0,-64.0,-2.0,,,,,
36.0,56.0,7.781000000000001,62.0,2.0,42.0,56.0,14.0,14.0,-6.0,,,,,
46.0,51.0,3.766,63.0,2.0,119.0,117.0,-2.0,-2.0,-73.0,,,,,
15.0,117.0,4.115,64.0,2.0,36.0,56.0,20.0,20.0,-21.0,,,,,
30.0,34.0,2.3819999999999997,65.0,2.0,46.0,51.0,5.0,5.00041910317326,-16.0,,,,,
35.0,67.0,4.4,66.0,2.0,15.0,117.0,-44.0,-44.0,20.0,,,,,
61.0,63.0,3.282,67.0,2.0,30.0,34.0,4.0,8.818699816746761,31.0,,,,,
31.0,37.0,1.845,68.0,2.0,35.0,67.0,32.0,32.0,-4.0,,,,,
72.0,62.0,3.049,69.0,2.0,61.0,63.0,2.0,11.672870548206614,11.0,,,,,
81.0,76.0,3.3989999999999996,70.0,2.0,31.0,37.0,6.0,6.001616493703599,50.0,,,,,
16.0,81.0,3.466,71.0,2.0,72.0,62.0,-10.0,-10.0,-56.0,,,,,
15.0,29.0,4.499,72.0,2.0,81.0,76.0,-5.0,-5.001089971518096,-66.0,,,,,
55.0,41.0,2.549,74.0,2.0,15.0,29.0,14.0,14.0,40.0,,,,,
80.0,84.0,3.082,75.0,2.0,85.0,89.0,4.0,8.16666715427108,-5.0,,,,,
30.0,39.0,4.533,76.0,2.0,55.0,41.0,-14.0,-14.0,-25.0,,,,,
34.0,33.0,4.548,77.0,2.0,80.0,84.0,4.0,0.7508406974840174,-46.0,,,,,
78.0,105.0,2.6660000000000004,78.0,2.0,30.0,39.0,9.0,13.818699816746761,48.0,,,,,
78.0,75.0,2.465,79.0,2.0,34.0,33.0,-1.0,-1.0,44.0,,,,,
3.0,132.0,3.3989999999999996,80.0,2.0,78.0,105.0,27.0,19.127141181201512,71.0,,,,,
35.0,28.0,3.932,81.0,2.0,78.0,75.0,-3.0,-10.872858818798488,-43.0,,,,,
84.0,89.0,2.2,82.0,2.0,3.0,132.0,-17.0,-16.998655917767643,-65.0,,,,,
106.0,66.0,10.049,83.0,2.0,35.0,28.0,-7.0,-7.0,71.0,,,,,
26.0,43.0,1.548,84.0,2.0,84.0,89.0,5.0,9.286241027821792,-58.0,,,,,
86.0,79.0,3.682,85.0,2.0,106.0,66.0,-40.0,-40.0,-20.0,,,,,
146.0,142.0,2.464,1.0,3.0,86.0,79.0,-7.0,-12.556934262796219,60.0,,,,,
43.0,61.0,2.016,4.0,3.0,113.0,83.0,-30.0,-30.0,-70.0,,,,,
68.0,69.0,2.2319999999999998,5.0,3.0,112.0,80.0,-32.0,-32.0,-44.0,,,,,
104.0,106.0,2.85,6.0,3.0,43.0,61.0,18.0,18.0,61.0,,,,,
83.0,99.0,1.6480000000000001,7.0,3.0,68.0,69.0,1.0,1.0075493463802851,15.0,,,,,
51.0,50.0,3.3,8.0,3.0,104.0,106.0,2.0,2.0026829614844135,-53.0,,,,,
95.0,103.0,1.865,9.0,3.0,83.0,99.0,16.0,16.00143740473438,12.0,,,,,
100.0,98.0,8.182,10.0,3.0,51.0,50.0,-1.0,-0.9987696706166965,49.0,,,,,
140.0,20.0,3.716,11.0,3.0,95.0,103.0,8.0,8.0,45.0,,,,,
84.0,61.0,2.299,12.0,3.0,100.0,98.0,-2.0,-1.9999999999998608,-16.0,,,,,
70.0,68.0,3.9989999999999997,13.0,3.0,140.0,20.0,26.0,26.285713241167706,-70.0,,,,,
32.0,59.0,18.715999999999998,14.0,3.0,84.0,61.0,-23.0,-18.71375897217821,-52.0,,,,,
119.0,117.0,5.416,15.0,3.0,70.0,68.0,-2.0,-2.0,49.0,,,,,
36.0,27.0,6.2829999999999995,16.0,3.0,32.0,59.0,27.0,27.00000000000006,4.0,,,,,
73.0,119.0,6.215,17.0,3.0,119.0,117.0,-2.0,-2.0,-46.0,,,,,
103.0,100.0,2.9989999999999997,18.0,3.0,36.0,27.0,-9.0,-9.0,67.0,,,,,
122.0,113.0,2.031,19.0,3.0,73.0,119.0,46.0,46.0,49.0,,,,,
52.0,45.0,1.515,20.0,3.0,103.0,100.0,-3.0,5.001484897492952,-51.0,,,,,
81.0,86.0,3.665,21.0,3.0,122.0,113.0,-9.0,-9.0,-41.0,,,,,
8.0,125.0,5.9,22.0,3.0,52.0,45.0,-7.0,-3.3324397981493195,-44.0,,,,,
77.0,41.0,3.715,23.0,3.0,81.0,86.0,5.0,4.998910028481904,-4.0,,,,,
125.0,66.0,2.296,24.0,3.0,8.0,125.0,-29.0,-29.0,-29.0,,,,,
127.0,72.0,2.116,25.0,3.0,77.0,41.0,-36.0,-36.00264104990846,50.0,,,,,
73.0,82.0,2.8489999999999998,26.0,3.0,125.0,66.0,-59.0,-45.63630524077908,-52.0,,,,,
50.0,51.0,1.848,27.0,3.0,127.0,72.0,-55.0,-54.99999999999983,69.0,,,,,
77.0,77.0,2.465,28.0,3.0,73.0,82.0,9.0,9.0,4.0,,,,,
83.0,80.0,2.965,29.0,3.0,50.0,51.0,1.0,1.0000000000000464,33.0,,,,,
111.0,109.0,2.682,30.0,3.0,77.0,77.0,0.0,-0.002641049908459592,34.0,,,,,
105.0,103.0,2.316,31.0,3.0,83.0,80.0,-3.0,-2.9985625952656227,22.0,,,,,
101.0,97.0,2.033,32.0,3.0,111.0,109.0,-2.0,-2.0,-10.0,,,,,
61.0,41.0,3.6489999999999996,33.0,3.0,105.0,103.0,-2.0,-1.9999999999998987,-44.0,,,,,
55.0,52.0,1.883,34.0,3.0,101.0,97.0,-4.0,-3.996310567979412,-46.0,,,,,
16.0,16.0,4.532,35.0,3.0,61.0,41.0,-20.0,-10.327129451793386,-45.0,,,,,
66.0,83.0,2.281,36.0,3.0,55.0,52.0,-3.0,-3.0,11.0,,,,,
86.0,93.0,2.582,37.0,3.0,16.0,16.0,0.0,3.5461459111368433e-13,70.0,,,,,
66.0,34.0,6.1979999999999995,38.0,3.0,66.0,83.0,17.0,14.22128932655564,0.0,,,,,
128.0,117.0,2.9989999999999997,39.0,3.0,86.0,93.0,7.0,1.4430657372037823,42.0,,,,,
7.0,3.0,4.566,40.0,3.0,66.0,34.0,-32.0,-34.77871067344436,-59.0,,,,,
124.0,2.0,2.9819999999999998,41.0,3.0,128.0,117.0,-11.0,-11.0,-4.0,,,,,
82.0,39.0,6.465,42.0,3.0,7.0,3.0,-4.0,-4.0,-71.0,,,,,
60.0,39.0,1.3980000000000001,43.0,3.0,124.0,2.0,24.0,24.004483020162414,-64.0,,,,,
135.0,132.0,2.081,44.0,3.0,82.0,39.0,-43.0,-42.999999999999986,53.0,,,,,
38.0,60.0,4.015,45.0,3.0,60.0,39.0,-21.0,-20.996755113426538,-22.0,,,,,
49.0,44.0,5.215,46.0,3.0,135.0,132.0,-3.0,-2.9999999999998557,60.0,,,,,
88.0,76.0,6.4479999999999995,47.0,3.0,38.0,60.0,22.0,22.0,50.0,,,,,
96.0,93.0,3.097,48.0,3.0,49.0,44.0,-5.0,-4.999999999999984,47.0,,,,,
35.0,33.0,2.165,49.0,3.0,88.0,76.0,-12.0,-12.001341512672843,-53.0,,,,,
3.0,17.0,2.415,50.0,3.0,96.0,93.0,-3.0,-3.0,53.0,,,,,
146.0,12.0,11.780999999999999,51.0,3.0,35.0,33.0,-2.0,-2.0,-35.0,,,,,
116.0,32.0,1.865,52.0,3.0,3.0,17.0,14.0,14.001344082232357,-33.0,,,,,
82.0,86.0,4.431,53.0,3.0,146.0,12.0,12.0,12.000000000000117,-64.0,,,,,
141.0,127.0,1.365,54.0,3.0,116.0,32.0,62.0,62.0,25.0,,,,,
30.0,121.0,3.549,55.0,3.0,82.0,86.0,4.0,4.000000000000013,-52.0,,,,,
127.0,79.0,3.6319999999999997,56.0,3.0,141.0,127.0,-14.0,-12.249287461302814,-14.0,,,,,
115.0,81.0,2.665,57.0,3.0,30.0,121.0,-55.0,-50.18130018325324,-61.0,,,,,
79.0,83.0,1.581,58.0,3.0,127.0,79.0,-48.0,-47.99999999999983,-48.0,,,,,
15.0,28.0,4.431,59.0,3.0,115.0,81.0,-34.0,-34.0,46.0,,,,,
79.0,79.0,1.666,60.0,3.0,79.0,83.0,4.0,3.9962689785734447,0.0,,,,,
65.0,79.0,3.115,61.0,3.0,15.0,28.0,13.0,13.0,50.0,,,,,
81.0,78.0,2.549,62.0,3.0,79.0,79.0,0.0,-0.003731021426555463,2.0,,,,,
16.0,73.0,4.263999999999999,63.0,3.0,65.0,79.0,14.0,14.004321137892001,-49.0,,,,,
140.0,23.0,4.416,64.0,3.0,81.0,78.0,-3.0,-3.001089971518096,59.0,,,,,
43.0,63.0,4.032,65.0,3.0,16.0,73.0,57.0,57.000000000000355,27.0,,,,,
76.0,70.0,2.764,66.0,3.0,140.0,23.0,29.0,29.285713241167706,-64.0,,,,,
22.0,72.0,5.432,67.0,3.0,43.0,63.0,20.0,20.0,-21.0,,,,,
32.0,37.0,1.848,68.0,3.0,76.0,70.0,-6.0,-6.0000000000000995,-44.0,,,,,
140.0,126.0,1.4480000000000002,69.0,3.0,22.0,72.0,50.0,50.01166912869513,-28.0,,,,,
79.0,65.0,1.765,70.0,3.0,32.0,37.0,5.0,5.000000000000061,47.0,,,,,
104.0,97.0,2.633,71.0,3.0,140.0,126.0,-14.0,-13.714286758832296,-36.0,,,,,
103.0,102.0,1.882,72.0,3.0,79.0,65.0,-14.0,-14.003731021426555,24.0,,,,,
107.0,105.0,2.464,73.0,3.0,104.0,97.0,-7.0,-6.997317038515587,3.0,,,,,
102.0,99.0,3.799,74.0,3.0,103.0,102.0,-1.0,7.001484897492952,-1.0,,,,,
74.0,40.0,7.197,75.0,3.0,107.0,105.0,-2.0,-2.0,-33.0,,,,,
44.0,38.0,3.865,76.0,3.0,102.0,99.0,-3.0,8.000724810600703,-58.0,,,,,
16.0,31.0,5.531000000000001,77.0,3.0,74.0,40.0,-34.0,-34.0,-58.0,,,,,
124.0,128.0,3.032,78.0,3.0,44.0,38.0,-6.0,-6.0,-66.0,,,,,
25.0,70.0,1.8319999999999999,79.0,3.0,16.0,31.0,15.0,15.000000000000355,9.0,,,,,
140.0,36.0,3.1319999999999997,80.0,3.0,124.0,128.0,4.0,4.004483020162415,16.0,,,,,
114.0,124.0,1.6480000000000001,81.0,3.0,25.0,70.0,45.0,45.00000000000005,-57.0,,,,,
101.0,110.0,2.4659999999999997,82.0,3.0,140.0,36.0,42.0,42.285713241167706,-39.0,,,,,
128.0,121.0,1.715,83.0,3.0,114.0,124.0,10.0,10.0,14.0,,,,,
66.0,33.0,1.765,84.0,3.0,101.0,110.0,9.0,9.003689432020588,-35.0,,,,,
80.0,87.0,1.8980000000000001,85.0,3.0,128.0,121.0,-7.0,-7.0,-48.0,,,,,
16.0,24.0,3.3852,4.0,1.0,131.0,131.0,0.0,2.075694357602184e-124,31.0,,,,,
113.0,78.0,1.9768,5.0,1.0,2.0,22.0,20.0,24.00665266578618,-35.0,,,,,
69.0,76.0,6.2035,6.0,1.0,16.0,24.0,8.0,8.000000000000355,53.0,,,,,
147.0,137.0,1.3867,7.0,1.0,113.0,78.0,-35.0,-35.0,34.0,,,,,
100.0,75.0,9.7489,8.0,1.0,69.0,76.0,7.0,7.000000000000285,31.0,,,,,
114.0,80.0,4.2369,9.0,1.0,147.0,137.0,-10.0,-10.0,-33.0,,,,,
41.0,84.0,0.9874,10.0,1.0,100.0,75.0,-25.0,-24.99999999999986,-59.0,,,,,
49.0,42.0,16.7611,11.0,1.0,114.0,80.0,-34.0,-34.0,-65.0,,,,,
131.0,127.0,3.1605,12.0,1.0,41.0,84.0,43.0,43.0,-56.0,,,,,
64.0,35.0,12.1319,13.0,1.0,49.0,42.0,-7.0,-6.999999999999984,15.0,,,,,
116.0,109.0,1.7561,14.0,1.0,131.0,127.0,-4.0,-4.0,-15.0,,,,,
26.0,123.0,1.7417,15.0,1.0,64.0,35.0,-29.0,-13.33260946875552,-38.0,,,,,
23.0,26.0,4.0924,16.0,1.0,116.0,109.0,-7.0,-7.0,53.0,,,,,
23.0,125.0,19.9868,17.0,1.0,26.0,123.0,-49.0,-49.0,-3.0,,,,,
121.0,21.0,4.3183,18.0,1.0,23.0,26.0,3.0,6.795671144159596,-48.0,,,,,
48.0,33.0,15.005,19.0,1.0,23.0,125.0,-44.0,-40.2043288558404,25.0,,,,,
52.0,64.0,9.2099,20.0,1.0,121.0,21.0,46.0,46.0,-69.0,,,,,
133.0,119.0,5.6688,21.0,1.0,48.0,33.0,-15.0,-14.999580896826739,-61.0,,,,,
33.0,27.0,2.6184,22.0,1.0,52.0,64.0,12.0,15.66756020185068,-19.0,,,,,
122.0,122.0,1.0384,23.0,1.0,133.0,119.0,-14.0,-14.0,-11.0,,,,,
3.0,120.0,12.7059,24.0,1.0,33.0,27.0,-6.0,-6.0,-30.0,,,,,
65.0,68.0,0.7649,25.0,1.0,122.0,122.0,0.0,7.18991655903074e-31,-57.0,,,,,
93.0,83.0,1.9769999999999999,26.0,1.0,3.0,120.0,-29.0,-28.998655917767643,-56.0,,,,,
34.0,32.0,4.8932,27.0,1.0,65.0,68.0,3.0,3.004321137892001,-31.0,,,,,
141.0,126.0,6.2749,28.0,1.0,93.0,83.0,-10.0,-10.0,48.0,,,,,
121.0,126.0,2.2335,29.0,1.0,34.0,32.0,-2.0,-2.0,-59.0,,,,,
75.0,80.0,5.9352,30.0,1.0,141.0,126.0,-15.0,-13.249287461302814,-66.0,,,,,
7.0,12.0,3.5408,31.0,1.0,121.0,126.0,5.0,5.0,32.0,,,,,
107.0,83.0,1.3044,32.0,1.0,75.0,80.0,5.0,5.0,32.0,,,,,
64.0,74.0,9.5331,33.0,1.0,7.0,12.0,5.0,5.0,57.0,,,,,
120.0,125.0,4.0481,34.0,1.0,107.0,83.0,-24.0,-24.0,13.0,,,,,
26.0,28.0,0.9625,36.0,1.0,120.0,125.0,5.0,5.0,52.0,,,,,
50.0,54.0,7.0757,37.0,1.0,40.0,35.0,-5.0,-5.0,10.0,,,,,
111.0,113.0,7.8964,38.0,1.0,26.0,28.0,2.0,2.0,-61.0,,,,,
35.0,36.0,3.1758,39.0,1.0,50.0,54.0,4.0,4.000000000000046,-15.0,,,,,
67.0,33.0,0.8144,40.0,1.0,111.0,113.0,2.0,2.0,-44.0,,,,,
103.0,109.0,0.8559,41.0,1.0,35.0,36.0,1.0,1.0,68.0,,,,,
43.0,66.0,4.2739,42.0,1.0,67.0,33.0,-34.0,-11.49665029674755,-24.0,,,,,
49.0,47.0,4.117,43.0,1.0,103.0,109.0,6.0,14.001484897492952,-54.0,,,,,
12.0,13.0,7.9274,44.0,1.0,43.0,66.0,23.0,23.0,-31.0,,,,,
17.0,120.0,8.2685,45.0,1.0,49.0,47.0,-2.0,-1.9999999999999842,-32.0,,,,,
138.0,123.0,5.487,46.0,1.0,12.0,13.0,1.0,1.0081270744447892,-20.0,,,,,
138.0,124.0,2.5963,47.0,1.0,17.0,120.0,-43.0,-42.990606570786966,-25.0,,,,,
134.0,141.0,9.1031,48.0,1.0,138.0,123.0,-15.0,-14.995500640035551,-4.0,,,,,
85.0,30.0,2.8349,49.0,1.0,138.0,124.0,-14.0,-13.995500640035551,-53.0,,,,,
140.0,128.0,2.2641,50.0,1.0,134.0,141.0,7.0,7.0,6.0,,,,,
138.0,140.0,4.8988,51.0,1.0,85.0,30.0,-55.0,-50.83333284572892,53.0,,,,,
18.0,112.0,2.6918,52.0,1.0,140.0,128.0,-12.0,-11.714286758832296,24.0,,,,,
121.0,109.0,0.7809999999999999,53.0,1.0,138.0,140.0,2.0,2.004499359964448,-17.0,,,,,
40.0,46.0,0.7915,54.0,1.0,18.0,112.0,-52.0,-23.99858216169255,22.0,,,,,
15.0,123.0,0.7352,57.0,1.0,110.0,112.0,2.0,2.0,51.0,,,,,
114.0,117.0,5.4002,58.0,1.0,79.0,77.0,-2.0,-2.0037310214265553,35.0,,,,,
88.0,85.0,3.5722,59.0,1.0,15.0,123.0,-38.0,-38.0,-73.0,,,,,
40.0,68.0,4.1593,60.0,1.0,114.0,117.0,3.0,3.0,72.0,,,,,
84.0,73.0,1.4275,61.0,1.0,88.0,85.0,-3.0,-3.001341512672843,-4.0,,,,,
113.0,112.0,6.8362,62.0,1.0,40.0,68.0,28.0,28.0,-73.0,,,,,
77.0,76.0,3.6388,63.0,1.0,84.0,73.0,-11.0,-6.713758972178209,-7.0,,,,,
12.0,130.0,0.9169,64.0,1.0,113.0,112.0,-1.0,-1.0,45.0,,,,,
36.0,27.0,2.9656,65.0,1.0,77.0,76.0,-1.0,-1.0026410499084597,-41.0,,,,,
7.0,127.0,1.6058,66.0,1.0,12.0,130.0,-28.0,-27.99187292555521,-5.0,,,,,
123.0,130.0,6.9761,67.0,1.0,36.0,27.0,-9.0,-9.0,-59.0,,,,,
111.0,118.0,4.7389,68.0,1.0,7.0,127.0,-26.0,-26.0,-42.0,,,,,
89.0,84.0,3.6196,69.0,1.0,123.0,130.0,7.0,7.00000000000017,-34.0,,,,,
12.0,28.0,4.6701,70.0,1.0,111.0,118.0,7.0,7.0,47.0,,,,,
56.0,37.0,6.4496,71.0,1.0,89.0,84.0,-5.0,-8.998992916619489,-33.0,,,,,
24.0,69.0,5.1967,72.0,1.0,12.0,28.0,16.0,16.00812707444479,12.0,,,,,
20.0,25.0,5.6770000000000005,73.0,1.0,56.0,37.0,-19.0,-19.0,-36.0,,,,,
47.0,33.0,2.8279,74.0,1.0,24.0,69.0,45.0,45.001273305816675,23.0,,,,,
44.0,34.0,2.4181,76.0,1.0,47.0,33.0,-14.0,-12.75067104827508,-3.0,,,,,
58.0,77.0,4.8753,77.0,1.0,139.0,125.0,-14.0,-11.996555255619313,65.0,,,,,
126.0,128.0,1.3193,78.0,1.0,44.0,34.0,-10.0,-10.0,-64.0,,,,,
16.0,27.0,7.7010000000000005,79.0,1.0,58.0,77.0,19.0,19.0,-42.0,,,,,
137.0,129.0,4.124,80.0,1.0,126.0,128.0,2.0,2.0044830201624153,11.0,,,,,
17.0,24.0,0.8573,81.0,1.0,16.0,27.0,11.0,11.000000000000355,1.0,,,,,
113.0,81.0,5.6829,82.0,1.0,137.0,129.0,-8.0,3.4090537018670855,-24.0,,,,,
110.0,111.0,1.3917,83.0,1.0,17.0,24.0,7.0,7.009393429213035,-53.0,,,,,
34.0,30.0,3.3041,84.0,1.0,113.0,81.0,-32.0,-32.0,67.0,,,,,
29.0,33.0,9.6859,85.0,1.0,110.0,111.0,1.0,1.0,65.0,,,,,
21.0,33.0,3.5299,1.0,2.0,29.0,33.0,4.0,4.001616493703599,-8.0,,,,,
79.0,112.0,4.1818,4.0,2.0,69.0,66.0,-3.0,-2.999999999999715,10.0,,,,,
68.0,76.0,0.7898,5.0,2.0,143.0,121.0,-22.0,-0.9990506614882406,71.0,,,,,
25.0,84.0,1.3593,6.0,2.0,79.0,112.0,33.0,32.99626897857345,-54.0,,,,,
2.0,130.0,5.0558,8.0,2.0,25.0,84.0,59.0,59.00000000000005,-23.0,,,,,
145.0,5.0,15.4076,9.0,2.0,38.0,76.0,38.0,38.0,-39.0,,,,,
54.0,37.0,12.5142,10.0,2.0,2.0,130.0,-18.0,-13.99334733421382,52.0,,,,,
99.0,103.0,5.9695,11.0,2.0,145.0,5.0,6.0,6.003101200512064,-46.0,,,,,
89.0,83.0,1.4118,12.0,2.0,54.0,37.0,-17.0,-16.999999999999954,35.0,,,,,
4.0,129.0,0.7151,13.0,2.0,99.0,103.0,4.0,4.0,51.0,,,,,
15.0,23.0,2.3363,14.0,2.0,89.0,83.0,-6.0,-9.998992916619489,72.0,,,,,
30.0,25.0,0.7116,15.0,2.0,4.0,129.0,-21.0,-20.99999999999995,26.0,,,,,
111.0,113.0,4.7054,16.0,2.0,15.0,23.0,8.0,8.0,-50.0,,,,,
141.0,124.0,6.5164,18.0,2.0,111.0,113.0,2.0,2.0,30.0,,,,,
44.0,30.0,1.4184,19.0,2.0,130.0,126.0,-4.0,-4.0,60.0,,,,,
97.0,104.0,2.7541,20.0,2.0,141.0,124.0,-17.0,-15.249287461302814,-44.0,,,,,
29.0,82.0,2.0267,21.0,2.0,44.0,30.0,-14.0,-14.0,-15.0,,,,,
136.0,141.0,5.932,22.0,2.0,97.0,104.0,7.0,7.0,39.0,,,,,
49.0,93.0,2.9848,25.0,2.0,34.0,35.0,1.0,1.0,15.0,,,,,
37.0,62.0,6.8331,26.0,2.0,87.0,90.0,3.0,2.9981353872844307,-50.0,,,,,
143.0,76.0,2.5312,27.0,2.0,49.0,93.0,44.0,44.000000000000014,-52.0,,,,,
136.0,129.0,19.1345,28.0,2.0,37.0,62.0,25.0,25.0,-47.0,,,,,
83.0,72.0,6.0729999999999995,29.0,2.0,143.0,76.0,-67.0,-45.99905066148824,-60.0,,,,,
43.0,49.0,3.8904,31.0,2.0,83.0,72.0,-11.0,-10.998562595265623,-40.0,,,,,
138.0,118.0,4.3262,32.0,2.0,84.0,86.0,2.0,6.286241027821791,54.0,,,,,
12.0,26.0,4.6435,33.0,2.0,43.0,49.0,6.0,6.0,-31.0,,,,,
95.0,104.0,1.0926,34.0,2.0,138.0,118.0,-20.0,-19.99550064003555,-43.0,,,,,
119.0,116.0,10.1237,35.0,2.0,12.0,26.0,14.0,14.00812707444479,-39.0,,,,,
55.0,110.0,5.8908,36.0,2.0,95.0,104.0,9.0,9.0,-40.0,,,,,
39.0,45.0,1.839,37.0,2.0,119.0,116.0,-3.0,-3.0,66.0,,,,,
47.0,49.0,6.2146,38.0,2.0,55.0,110.0,55.0,55.0,-8.0,,,,,
63.0,66.0,16.8282,39.0,2.0,39.0,45.0,6.0,6.0,24.0,,,,,
124.0,114.0,4.2638,40.0,2.0,47.0,49.0,2.0,3.2493289517249195,-69.0,,,,,
26.0,35.0,5.2526,41.0,2.0,63.0,66.0,3.0,3.0052558240001086,-37.0,,,,,
66.0,59.0,0.9901,42.0,2.0,124.0,114.0,-10.0,-9.995516979837586,-58.0,,,,,
95.0,105.0,2.9416,43.0,2.0,26.0,35.0,9.0,9.0,69.0,,,,,
108.0,93.0,1.2219,44.0,2.0,66.0,59.0,-7.0,-9.77871067344436,42.0,,,,,
97.0,104.0,1.3061,45.0,2.0,95.0,105.0,10.0,10.0,2.0,,,,,
110.0,88.0,3.2927,46.0,2.0,108.0,93.0,-15.0,-15.0,2.0,,,,,
118.0,119.0,3.9889,47.0,2.0,97.0,104.0,7.0,7.0,21.0,,,,,
79.0,89.0,14.5607,48.0,2.0,110.0,88.0,-22.0,-22.0,-31.0,,,,,
89.0,110.0,6.9481,49.0,2.0,118.0,119.0,1.0,1.0,-29.0,,,,,
105.0,110.0,15.6771,50.0,2.0,79.0,89.0,10.0,9.996268978573445,26.0,,,,,
12.0,130.0,0.9128,51.0,2.0,89.0,110.0,21.0,17.00100708338051,69.0,,,,,
38.0,31.0,10.0586,52.0,2.0,105.0,110.0,5.0,5.000000000000101,-67.0,,,,,
84.0,85.0,3.9816,53.0,2.0,12.0,130.0,-28.0,-27.99187292555521,72.0,,,,,
66.0,78.0,3.4896,54.0,2.0,38.0,31.0,-7.0,-7.0,28.0,,,,,
75.0,80.0,3.9628,55.0,2.0,84.0,85.0,1.0,5.286241027821791,-9.0,,,,,
114.0,70.0,3.4846,56.0,2.0,66.0,78.0,12.0,9.22128932655564,48.0,,,,,
30.0,81.0,5.1991,57.0,2.0,75.0,80.0,5.0,5.0,-45.0,,,,,
66.0,64.0,3.2062,58.0,2.0,114.0,70.0,-44.0,-44.0,-48.0,,,,,
34.0,84.0,8.3099,59.0,2.0,30.0,81.0,51.0,55.81869981674676,4.0,,,,,
53.0,42.0,15.9675,60.0,2.0,66.0,64.0,-2.0,-4.77871067344436,-13.0,,,,,
131.0,129.0,7.3426,61.0,2.0,34.0,84.0,50.0,50.0,-49.0,,,,,
85.0,78.0,7.6506,63.0,2.0,131.0,129.0,-2.0,-2.0,-46.0,,,,,
4.0,16.0,1.5252,64.0,2.0,74.0,41.0,-33.0,-33.0,-70.0,,,,,
37.0,35.0,5.0104,65.0,2.0,85.0,78.0,-7.0,-2.83333284572892,-48.0,,,,,
70.0,36.0,6.2353,66.0,2.0,4.0,16.0,12.0,12.000000000000052,66.0,,,,,
71.0,59.0,2.9952,67.0,2.0,37.0,35.0,-2.0,-2.0,34.0,,,,,
138.0,121.0,5.4694,68.0,2.0,70.0,36.0,-34.0,-34.0,68.0,,,,,
107.0,89.0,0.7041,69.0,2.0,71.0,59.0,-12.0,-12.0,36.0,,,,,
20.0,31.0,17.499000000000002,70.0,2.0,138.0,121.0,-17.0,-16.99550064003555,28.0,,,,,
63.0,43.0,2.7274,71.0,2.0,107.0,89.0,-18.0,-18.0,-44.0,,,,,
121.0,115.0,0.6363,72.0,2.0,20.0,31.0,11.0,11.01039582287881,-45.0,,,,,
12.0,133.0,7.6194,73.0,2.0,63.0,43.0,-20.0,-19.99474417599989,-51.0,,,,,
35.0,118.0,2.6757,74.0,2.0,121.0,115.0,-6.0,-6.0,60.0,,,,,
141.0,136.0,4.5278,76.0,2.0,35.0,118.0,-63.0,-63.0,-40.0,,,,,
32.0,81.0,18.9251,77.0,2.0,109.0,108.0,-1.0,-1.0,69.0,,,,,
89.0,115.0,11.1106,78.0,2.0,141.0,136.0,-5.0,-3.2492874613028127,-52.0,,,,,
90.0,87.0,2.4829,81.0,2.0,80.0,81.0,1.0,-2.2491593025159826,10.0,,,,,
26.0,84.0,4.6045,82.0,2.0,66.0,75.0,9.0,6.22128932655564,-40.0,,,,,
78.0,73.0,3.7856,83.0,2.0,90.0,87.0,-3.0,-3.0013415126727727,-12.0,,,,,
4.0,121.0,4.5519,84.0,2.0,26.0,84.0,58.0,58.0,-22.0,,,,,
98.0,105.0,3.5052,1.0,3.0,30.0,67.0,37.0,41.81869981674676,68.0,,,,,
105.0,112.0,9.9418,4.0,3.0,139.0,124.0,-15.0,-12.996555255619313,-34.0,,,,,
30.0,123.0,2.6829,5.0,3.0,11.0,123.0,-34.0,-9.773532522522714,19.0,,,,,
84.0,82.0,8.3302,6.0,3.0,105.0,112.0,7.0,7.000000000000101,-21.0,,,,,
85.0,90.0,10.9766,7.0,3.0,30.0,123.0,-53.0,-48.18130018325324,55.0,,,,,
78.0,82.0,1.7175,8.0,3.0,84.0,82.0,-2.0,2.2862410278217906,-6.0,,,,,
100.0,101.0,4.8894,9.0,3.0,85.0,90.0,5.0,9.16666715427108,15.0,,,,,
100.0,101.0,0.6952,10.0,3.0,78.0,82.0,4.0,-3.8728588187984876,22.0,,,,,
140.0,126.0,8.3356,11.0,3.0,100.0,101.0,1.0,1.0000000000001392,40.0,,,,,
92.0,114.0,11.9842,13.0,3.0,140.0,126.0,-14.0,-13.714286758832296,-48.0,,,,,
73.0,109.0,16.8505,14.0,3.0,18.0,138.0,-26.0,2.00141783830745,55.0,,,,,
144.0,124.0,5.6327,15.0,3.0,92.0,114.0,22.0,22.0,52.0,,,,,
135.0,135.0,15.3047,16.0,3.0,73.0,109.0,36.0,36.0,62.0,,,,,
63.0,65.0,2.42,17.0,3.0,144.0,124.0,-20.0,-10.748407571620781,65.0,,,,,
26.0,27.0,2.1285,18.0,3.0,135.0,135.0,0.0,1.444861448389502e-13,37.0,,,,,
77.0,35.0,2.16,19.0,3.0,63.0,65.0,2.0,2.0052558240001086,14.0,,,,,
97.0,109.0,0.6895,20.0,3.0,26.0,27.0,1.0,1.0,71.0,,,,,
101.0,104.0,5.7838,21.0,3.0,77.0,35.0,-42.0,-42.00264104990846,24.0,,,,,
118.0,37.0,2.18,22.0,3.0,97.0,109.0,12.0,12.0,21.0,,,,,
111.0,83.0,4.8053,23.0,3.0,101.0,104.0,3.0,3.003689432020588,10.0,,,,,
35.0,37.0,0.7879999999999999,25.0,3.0,111.0,83.0,-28.0,-28.0,70.0,,,,,
127.0,122.0,2.6978,26.0,3.0,96.0,103.0,7.0,7.0,31.0,,,,,
95.0,113.0,5.6984,27.0,3.0,35.0,37.0,2.0,2.0,60.0,,,,,
49.0,45.0,4.412,28.0,3.0,127.0,122.0,-5.0,-4.99999999999983,68.0,,,,,
100.0,100.0,3.0282,29.0,3.0,95.0,113.0,18.0,18.0,5.0,,,,,
77.0,75.0,3.6171,31.0,3.0,100.0,100.0,0.0,1.392810226930763e-13,-23.0,,,,,
5.0,133.0,2.7023,32.0,3.0,53.0,58.0,5.0,5.001230329383303,-48.0,,,,,
73.0,77.0,9.9979,33.0,3.0,77.0,75.0,-2.0,-2.0026410499084597,-4.0,,,,,
32.0,79.0,0.675,34.0,3.0,5.0,133.0,-18.0,-18.0,27.0,,,,,
2.0,6.0,3.5247,35.0,3.0,73.0,77.0,4.0,4.0,-71.0,,,,,
71.0,111.0,9.6317,36.0,3.0,32.0,79.0,47.0,47.000000000000064,39.0,,,,,
92.0,114.0,7.255,37.0,3.0,2.0,6.0,4.0,8.00665266578618,-56.0,,,,,
106.0,98.0,12.2496,38.0,3.0,71.0,111.0,40.0,40.0,35.0,,,,,
120.0,111.0,15.4693,39.0,3.0,92.0,114.0,22.0,22.0,28.0,,,,,
117.0,95.0,1.4651,40.0,3.0,106.0,98.0,-8.0,-8.0,11.0,,,,,
55.0,52.0,12.0932,41.0,3.0,120.0,111.0,-9.0,-9.0,-65.0,,,,,
124.0,111.0,3.759,42.0,3.0,117.0,95.0,-22.0,-22.0,7.0,,,,,
110.0,107.0,4.3893,43.0,3.0,55.0,52.0,-3.0,-3.0,55.0,,,,,
117.0,110.0,2.8083,44.0,3.0,124.0,111.0,-13.0,-12.995516979837586,-7.0,,,,,
109.0,92.0,2.7395,45.0,3.0,110.0,107.0,-3.0,-3.0,-1.0,,,,,
102.0,91.0,0.8235,46.0,3.0,117.0,110.0,-7.0,-7.0,-15.0,,,,,
116.0,114.0,7.7428,47.0,3.0,109.0,92.0,-17.0,-17.0,7.0,,,,,
26.0,24.0,5.2063,48.0,3.0,102.0,91.0,-11.0,0.000724810600702952,70.0,,,,,
23.0,79.0,10.3221,49.0,3.0,116.0,114.0,-2.0,-2.0,53.0,,,,,
112.0,88.0,8.7567,50.0,3.0,26.0,24.0,-2.0,-2.0,-60.0,,,,,
77.0,89.0,0.6674,51.0,3.0,23.0,79.0,56.0,59.7956711441596,54.0,,,,,
32.0,66.0,13.6539,52.0,3.0,112.0,88.0,-24.0,-24.0,66.0,,,,,
2.0,132.0,5.6211,53.0,3.0,77.0,89.0,12.0,11.99735895009154,71.0,,,,,
51.0,45.0,12.9944,54.0,3.0,32.0,66.0,34.0,34.000000000000064,19.0,,,,,
144.0,125.0,7.8821,55.0,3.0,2.0,132.0,-16.0,-11.99334733421382,-4.0,,,,,
42.0,40.0,4.5965,56.0,3.0,51.0,45.0,-6.0,-5.998769670616697,-9.0,,,,,
70.0,62.0,4.9949,57.0,3.0,144.0,125.0,-19.0,-9.748407571620781,72.0,,,,,
99.0,100.0,2.7039,58.0,3.0,42.0,40.0,-2.0,-2.0,57.0,,,,,
87.0,91.0,6.0739,59.0,3.0,70.0,62.0,-8.0,-8.0,17.0,,,,,
108.0,108.0,4.5947,60.0,3.0,99.0,100.0,1.0,1.0,9.0,,,,,
61.0,75.0,5.2001,62.0,3.0,108.0,108.0,0.0,1.1068121366218175e-86,-47.0,,,,,
135.0,19.0,4.8547,63.0,3.0,113.0,106.0,-7.0,-7.0,22.0,,,,,
41.0,78.0,10.6029,64.0,3.0,61.0,75.0,14.0,23.672870548206614,-20.0,,,,,
62.0,71.0,14.2312,65.0,3.0,135.0,19.0,30.0,30.000000000000146,-73.0,,,,,
75.0,56.0,10.05,66.0,3.0,41.0,78.0,37.0,37.0,34.0,,,,,
118.0,87.0,18.1564,67.0,3.0,62.0,71.0,9.0,9.003244886573661,56.0,,,,,
56.0,57.0,0.9819,68.0,3.0,75.0,56.0,-19.0,-19.0,-19.0,,,,,
11.0,118.0,6.58,69.0,3.0,118.0,87.0,-31.0,-31.0,39.0,,,,,
121.0,120.0,18.5811,70.0,3.0,56.0,57.0,1.0,1.0,65.0,,,,,
81.0,81.0,3.5825,71.0,3.0,11.0,118.0,-39.0,-14.773532522522714,70.0,,,,,
85.0,88.0,5.6848,72.0,3.0,121.0,120.0,-1.0,-1.0,-36.0,,,,,
90.0,83.0,0.7309,73.0,3.0,81.0,81.0,0.0,-0.0010899715180958706,9.0,,,,,
129.0,120.0,4.8877,74.0,3.0,85.0,88.0,3.0,7.16666715427108,44.0,,,,,
44.0,83.0,4.8993,75.0,3.0,90.0,83.0,-7.0,-7.001341512672773,-46.0,,,,,
79.0,85.0,2.5907,76.0,3.0,129.0,120.0,-9.0,-9.0,-50.0,,,,,
66.0,57.0,2.1557,77.0,3.0,44.0,83.0,39.0,39.0,22.0,,,,,
100.0,102.0,5.7318,78.0,3.0,79.0,85.0,6.0,5.996268978573444,21.0,,,,,
100.0,101.0,2.6364,79.0,3.0,66.0,57.0,-9.0,-11.77871067344436,34.0,,,,,
76.0,83.0,3.8183,80.0,3.0,100.0,102.0,2.0,2.0000000000001394,-24.0,,,,,
56.0,53.0,13.0518,81.0,3.0,100.0,101.0,1.0,1.0000000000001392,-44.0,,,,,
106.0,91.0,5.5971,82.0,3.0,76.0,83.0,7.0,6.9999999999999005,30.0,,,,,
91.0,92.0,6.0929,83.0,3.0,56.0,53.0,-3.0,-3.0,35.0,,,,,
26.0,28.0,7.3308,84.0,3.0,106.0,91.0,-15.0,-15.0,66.0,,,,,
17.0,4.0,15.5169,85.0,3.0,91.0,92.0,1.0,0.9999999999999494,72.0,,,,,
120.0,116.0,6.7238,4.0,1.0,13.0,124.0,-35.0,-34.999999999999694,-39.0,,,,,
86.0,119.0,3.9374,5.0,1.0,75.0,112.0,37.0,37.0,11.0,,,,,
105.0,113.0,3.2769999999999997,6.0,1.0,120.0,116.0,-4.0,-4.0,-15.0,,,,,
16.0,121.0,5.4885,7.0,1.0,86.0,119.0,33.0,27.44306573720378,-70.0,,,,,
43.0,35.0,2.7119,8.0,1.0,105.0,113.0,8.0,8.000000000000101,-62.0,,,,,
124.0,126.0,10.2115,9.0,1.0,16.0,121.0,-41.0,-40.999999999999645,-38.0,,,,,
120.0,129.0,3.298,10.0,1.0,43.0,35.0,-8.0,-8.0,-69.0,,,,,
9.0,13.0,3.5385,11.0,1.0,124.0,126.0,2.0,2.0044830201624153,31.0,,,,,
14.0,139.0,4.9173,12.0,1.0,120.0,129.0,9.0,9.0,40.0,,,,,
97.0,101.0,3.7073,13.0,1.0,9.0,13.0,4.0,4.000000000000306,-58.0,,,,,
69.0,65.0,1.0091,14.0,1.0,14.0,139.0,-21.0,-21.0,55.0,,,,,
93.0,92.0,10.7969,15.0,1.0,97.0,101.0,4.0,4.0,-4.0,,,,,
32.0,39.0,7.0381,16.0,1.0,69.0,65.0,-4.0,-3.999999999999715,-37.0,,,,,
31.0,45.0,5.6062,17.0,1.0,93.0,92.0,-1.0,-1.0,-62.0,,,,,
45.0,51.0,4.5178,18.0,1.0,32.0,39.0,7.0,7.000000000000061,13.0,,,,,
56.0,59.0,8.8092,19.0,1.0,31.0,45.0,14.0,14.0016164937036,25.0,,,,,
13.0,118.0,7.8845,20.0,1.0,45.0,51.0,6.0,6.000000000000016,-32.0,,,,,
97.0,111.0,12.9241,21.0,1.0,56.0,59.0,3.0,3.0,41.0,,,,,
68.0,40.0,6.9198,23.0,1.0,97.0,111.0,14.0,14.0,-29.0,,,,,
90.0,108.0,11.485,24.0,1.0,140.0,120.0,-20.0,-19.714286758832294,-50.0,,,,,
116.0,109.0,2.8021,25.0,1.0,68.0,40.0,-28.0,-27.992450653619716,48.0,,,,,
23.0,122.0,3.8325,26.0,1.0,90.0,108.0,18.0,17.998658487327226,-67.0,,,,,
60.0,64.0,12.4471,27.0,1.0,116.0,109.0,-7.0,-7.0,-56.0,,,,,
140.0,131.0,5.0577,28.0,1.0,23.0,122.0,-47.0,-43.2043288558404,-29.0,,,,,
90.0,109.0,6.2063,29.0,1.0,60.0,64.0,4.0,4.003244886573462,30.0,,,,,
38.0,76.0,1.5305,30.0,1.0,140.0,131.0,-9.0,-8.714286758832296,44.0,,,,,
144.0,133.0,1.653,31.0,1.0,90.0,109.0,19.0,18.998658487327226,54.0,,,,,
141.0,129.0,6.6428,32.0,1.0,38.0,76.0,38.0,38.0,-43.0,,,,,
90.0,88.0,5.1959,33.0,1.0,144.0,133.0,-11.0,-1.7484075716207812,-54.0,,,,,
68.0,67.0,11.6187,34.0,1.0,141.0,129.0,-12.0,-10.249287461302814,-73.0,,,,,
47.0,56.0,7.1584,35.0,1.0,90.0,88.0,-2.0,-2.0013415126727727,-43.0,,,,,
53.0,55.0,8.9752,36.0,1.0,68.0,67.0,-1.0,-0.9924506536197149,-15.0,,,,,
116.0,111.0,3.7214,37.0,1.0,47.0,56.0,9.0,10.24932895172492,69.0,,,,,
31.0,117.0,3.4475,38.0,1.0,53.0,55.0,2.0,2.0012303293833034,-22.0,,,,,
137.0,122.0,7.245,39.0,1.0,116.0,111.0,-5.0,-5.0,21.0,,,,,
85.0,110.0,6.6091,40.0,1.0,31.0,117.0,-60.0,-59.9983835062964,54.0,,,,,
70.0,63.0,9.8765,41.0,1.0,137.0,122.0,-15.0,-3.5909462981329145,-67.0,,,,,
26.0,114.0,2.3171,42.0,1.0,85.0,110.0,25.0,29.16666715427108,-59.0,,,,,
118.0,81.0,1.249,43.0,1.0,70.0,63.0,-7.0,-7.0,48.0,,,,,
111.0,88.0,0.7716,44.0,1.0,26.0,114.0,-58.0,-58.0,-61.0,,,,,
76.0,101.0,6.2742,45.0,1.0,118.0,81.0,-37.0,-37.0,-42.0,,,,,
51.0,55.0,7.8715,46.0,1.0,111.0,88.0,-23.0,-23.0,-60.0,,,,,
80.0,78.0,4.7009,47.0,1.0,76.0,101.0,25.0,24.9999999999999,4.0,,,,,
21.0,119.0,18.3667,48.0,1.0,51.0,55.0,4.0,4.001230329383303,-30.0,,,,,
45.0,32.0,3.6471,49.0,1.0,80.0,78.0,-2.0,-5.249159302515983,-35.0,,,,,
125.0,123.0,5.4146,50.0,1.0,21.0,119.0,-48.0,-17.010488758597074,-42.0,,,,,
133.0,121.0,2.9535,51.0,1.0,45.0,32.0,-13.0,-12.999999999999984,-58.0,,,,,
14.0,145.0,3.2123,52.0,1.0,125.0,123.0,-2.0,11.363694759220918,35.0,,,,,
47.0,40.0,3.5458,53.0,1.0,133.0,121.0,-12.0,-12.0,60.0,,,,,
105.0,109.0,9.6622,54.0,1.0,14.0,145.0,-15.0,-15.0,-55.0,,,,,
18.0,132.0,1.2584,55.0,1.0,47.0,40.0,-7.0,-5.7506710482750805,-29.0,,,,,
132.0,121.0,5.3232,56.0,1.0,105.0,109.0,4.0,4.000000000000101,27.0,,,,,
1.0,137.0,5.7286,57.0,1.0,18.0,132.0,-32.0,-3.99858216169255,-17.0,,,,,
52.0,30.0,1.4298,58.0,1.0,132.0,121.0,-11.0,-11.0,66.0,,,,,
62.0,51.0,4.6356,59.0,1.0,1.0,137.0,-10.0,-9.998655917767643,61.0,,,,,
138.0,124.0,4.6514,60.0,1.0,52.0,30.0,-22.0,-18.33243979814932,-60.0,,,,,
86.0,86.0,5.9714,61.0,1.0,62.0,51.0,-11.0,-10.996755113426339,24.0,,,,,
144.0,6.0,2.928,62.0,1.0,138.0,124.0,-14.0,-13.995500640035551,6.0,,,,,
113.0,91.0,2.6191,63.0,1.0,86.0,86.0,0.0,-5.556934262796218,27.0,,,,,
15.0,127.0,5.6994,64.0,1.0,144.0,6.0,8.0,17.25159242837922,17.0,,,,,
109.0,112.0,4.604,65.0,1.0,113.0,91.0,-22.0,-22.0,-4.0,,,,,
131.0,134.0,6.7946,66.0,1.0,15.0,127.0,-34.0,-34.0,-30.0,,,,,
87.0,90.0,3.0115,67.0,1.0,109.0,112.0,3.0,3.0,-22.0,,,,,
112.0,111.0,3.4783,68.0,1.0,131.0,134.0,3.0,3.0,-19.0,,,,,
26.0,127.0,10.4751,69.0,1.0,87.0,90.0,3.0,2.9981353872844307,-61.0,,,,,
52.0,61.0,4.7666,70.0,1.0,112.0,111.0,-1.0,-1.0,-60.0,,,,,
132.0,56.0,5.8428,71.0,1.0,26.0,127.0,-45.0,-45.0,-40.0,,,,,
125.0,118.0,5.4573,72.0,1.0,52.0,61.0,9.0,12.66756020185068,-73.0,,,,,
72.0,67.0,3.9189999999999996,74.0,1.0,125.0,118.0,-7.0,6.363694759220918,-53.0,,,,,
41.0,58.0,5.5207,75.0,1.0,66.0,66.0,0.0,-2.7787106734443605,-25.0,,,,,
147.0,138.0,1.7171,76.0,1.0,72.0,67.0,-5.0,-5.0,-71.0,,,,,
106.0,111.0,1.4311,77.0,1.0,41.0,58.0,17.0,17.0,65.0,,,,,
122.0,86.0,8.0992,78.0,1.0,147.0,138.0,-9.0,-9.0,-25.0,,,,,
22.0,28.0,6.0743,79.0,1.0,106.0,111.0,5.0,5.0,62.0,,,,,
53.0,51.0,6.8665,80.0,1.0,122.0,86.0,-36.0,-36.0,-69.0,,,,,
38.0,50.0,6.4501,81.0,1.0,22.0,28.0,6.0,6.011669128695129,16.0,,,,,
86.0,71.0,2.8288,82.0,1.0,53.0,51.0,-2.0,-1.9987696706166964,33.0,,,,,
21.0,26.0,6.1199,83.0,1.0,38.0,50.0,12.0,12.0,-17.0,,,,,
31.0,33.0,3.2401,84.0,1.0,86.0,71.0,-15.0,-20.55693426279622,-55.0,,,,,
61.0,44.0,4.183,85.0,1.0,21.0,26.0,5.0,35.98951124140292,40.0,,,,,
125.0,119.0,5.2264,1.0,2.0,61.0,44.0,-17.0,-7.327129451793386,64.0,,,,,
72.0,77.0,1.3921,4.0,2.0,45.0,38.0,-7.0,-6.999999999999984,27.0,,,,,
25.0,81.0,2.3871,5.0,2.0,13.0,124.0,-35.0,-34.999999999999694,12.0,,,,,
89.0,93.0,3.7714,6.0,2.0,72.0,77.0,5.0,5.0,17.0,,,,,
100.0,83.0,2.6372,7.0,2.0,25.0,81.0,56.0,56.00000000000005,-71.0,,,,,
125.0,109.0,4.2924,8.0,2.0,89.0,93.0,4.0,0.0010070833805109203,36.0,,,,,
107.0,114.0,0.7891,9.0,2.0,100.0,83.0,-17.0,-16.99999999999986,7.0,,,,,
139.0,18.0,0.7122,10.0,2.0,125.0,109.0,-16.0,-2.636305240779082,14.0,,,,,
143.0,124.0,6.4215,11.0,2.0,107.0,114.0,7.0,7.0,36.0,,,,,
24.0,132.0,8.5235,12.0,2.0,139.0,18.0,25.0,27.003444744380687,31.0,,,,,
127.0,122.0,5.861000000000001,13.0,2.0,143.0,124.0,-19.0,2.0009493385117594,-16.0,,,,,
147.0,144.0,1.5488,14.0,2.0,24.0,132.0,-38.0,-37.998726694183325,-23.0,,,,,
102.0,78.0,6.3377,15.0,2.0,127.0,122.0,-5.0,-4.99999999999983,-25.0,,,,,
90.0,88.0,2.3264,16.0,2.0,147.0,144.0,-3.0,-3.0,-57.0,,,,,
3.0,129.0,6.0816,17.0,2.0,102.0,78.0,-24.0,-12.999275189399297,47.0,,,,,
42.0,50.0,4.2317,18.0,2.0,90.0,88.0,-2.0,-2.0013415126727727,-48.0,,,,,
79.0,85.0,5.6769,19.0,2.0,3.0,129.0,-20.0,-19.998655917767643,-70.0,,,,,
94.0,79.0,3.7244,20.0,2.0,42.0,50.0,8.0,8.0,52.0,,,,,
17.0,15.0,8.2381,21.0,2.0,79.0,85.0,6.0,5.996268978573444,-62.0,,,,,
134.0,130.0,2.577,22.0,2.0,94.0,79.0,-15.0,-15.0,40.0,,,,,
23.0,125.0,5.3757,23.0,2.0,17.0,15.0,-2.0,-1.9906065707869651,6.0,,,,,
139.0,124.0,8.404,24.0,2.0,134.0,130.0,-4.0,-4.0,5.0,,,,,
101.0,99.0,13.7835,25.0,2.0,23.0,125.0,-44.0,-40.2043288558404,-68.0,,,,,
5.0,136.0,2.3063,26.0,2.0,139.0,124.0,-15.0,-12.996555255619313,12.0,,,,,
119.0,122.0,2.0934,27.0,2.0,101.0,99.0,-2.0,-1.9963105679794124,18.0,,,,,
99.0,99.0,5.5669,28.0,2.0,5.0,136.0,-15.0,-15.0,-52.0,,,,,
129.0,118.0,7.7949,29.0,2.0,119.0,122.0,3.0,3.0,10.0,,,,,
104.0,85.0,3.3546,30.0,2.0,99.0,99.0,0.0,5.91715125439495e-31,5.0,,,,,
137.0,134.0,14.707,31.0,2.0,129.0,118.0,-11.0,-11.0,8.0,,,,,
35.0,37.0,3.6143,32.0,2.0,104.0,85.0,-19.0,-18.997317038515586,-69.0,,,,,
7.0,120.0,5.4731,33.0,2.0,137.0,134.0,-3.0,8.409053701867085,16.0,,,,,
144.0,3.0,0.9575,34.0,2.0,35.0,37.0,2.0,2.0,-37.0,,,,,
21.0,123.0,4.1154,35.0,2.0,7.0,120.0,-33.0,-33.0,14.0,,,,,
11.0,134.0,1.8772,36.0,2.0,144.0,3.0,5.0,14.251592428379219,13.0,,,,,
93.0,106.0,0.9282,37.0,2.0,21.0,123.0,-44.0,-13.010488758597074,72.0,,,,,
131.0,118.0,4.3102,38.0,2.0,11.0,134.0,-23.0,1.2264674774772857,-26.0,,,,,
138.0,125.0,3.9361,39.0,2.0,93.0,106.0,13.0,13.0,45.0,,,,,
56.0,49.0,8.611,40.0,2.0,131.0,118.0,-13.0,-13.0,71.0,,,,,
110.0,90.0,2.0658,41.0,2.0,138.0,125.0,-13.0,-12.995500640035551,-28.0,,,,,
54.0,49.0,5.9464,42.0,2.0,56.0,49.0,-7.0,-7.0,-2.0,,,,,
111.0,115.0,2.9781,43.0,2.0,110.0,90.0,-20.0,-20.0,1.0,,,,,
72.0,51.0,6.5664,44.0,2.0,54.0,49.0,-5.0,-4.999999999999954,18.0,,,,,
82.0,80.0,4.3449,45.0,2.0,111.0,115.0,4.0,4.0,-29.0,,,,,
133.0,124.0,0.9021,46.0,2.0,72.0,51.0,-21.0,-21.0,61.0,,,,,
114.0,80.0,4.7791,47.0,2.0,82.0,80.0,-2.0,-1.999999999999987,32.0,,,,,
62.0,58.0,3.0517,48.0,2.0,133.0,124.0,-9.0,-9.0,-71.0,,,,,
41.0,47.0,2.8949,49.0,2.0,114.0,80.0,-34.0,-34.0,-73.0,,,,,
19.0,128.0,3.807,50.0,2.0,62.0,58.0,-4.0,-3.9967551134263393,-43.0,,,,,
78.0,81.0,1.9463,51.0,2.0,41.0,47.0,6.0,6.0,37.0,,,,,
82.0,82.0,18.7955,52.0,2.0,19.0,128.0,-37.0,-36.990606570786575,63.0,,,,,
116.0,88.0,10.8085,53.0,2.0,78.0,81.0,3.0,-4.872858818798488,38.0,,,,,
35.0,59.0,2.7097,54.0,2.0,82.0,82.0,0.0,1.3116071364149048e-14,-47.0,,,,,
114.0,85.0,4.6313,55.0,2.0,116.0,88.0,-28.0,-28.0,-2.0,,,,,
23.0,120.0,2.5485,56.0,2.0,35.0,59.0,24.0,24.0,-12.0,,,,,
88.0,91.0,6.0193,57.0,2.0,114.0,85.0,-29.0,-29.0,-26.0,,,,,
74.0,98.0,4.6693,58.0,2.0,23.0,120.0,-49.0,-45.2043288558404,51.0,,,,,
137.0,120.0,5.8808,59.0,2.0,88.0,91.0,3.0,2.998658487327157,49.0,,,,,
50.0,46.0,2.1419,60.0,2.0,74.0,98.0,24.0,24.0,-24.0,,,,,
99.0,90.0,6.2914,61.0,2.0,137.0,120.0,-17.0,-5.5909462981329145,-38.0,,,,,
30.0,116.0,3.6256,62.0,2.0,50.0,46.0,-4.0,-3.9999999999999534,-20.0,,,,,
11.0,119.0,6.6314,63.0,2.0,99.0,90.0,-9.0,-9.0,58.0,,,,,
139.0,125.0,19.408,64.0,2.0,30.0,116.0,-60.0,-55.18130018325324,-37.0,,,,,
142.0,125.0,3.0912,65.0,2.0,11.0,119.0,-38.0,-13.773532522522714,-15.0,,,,,
138.0,140.0,10.3546,66.0,2.0,139.0,125.0,-14.0,-11.996555255619313,-1.0,,,,,
83.0,78.0,4.7125,67.0,2.0,142.0,125.0,-17.0,-16.99236874006535,-59.0,,,,,
69.0,71.0,5.5744,68.0,2.0,138.0,140.0,2.0,2.004499359964448,-69.0,,,,,
55.0,67.0,13.475999999999999,69.0,2.0,83.0,78.0,-5.0,-4.998562595265622,-28.0,,,,,
87.0,92.0,1.1393,70.0,2.0,69.0,71.0,2.0,2.000000000000285,18.0,,,,,
89.0,84.0,2.7875,71.0,2.0,55.0,67.0,12.0,12.0,34.0,,,,,
89.0,91.0,4.763999999999999,72.0,2.0,87.0,92.0,5.0,4.998135387284431,2.0,,,,,
5.0,127.0,6.8896,73.0,2.0,89.0,84.0,-5.0,-8.998992916619489,62.0,,,,,
107.0,93.0,7.242999999999999,74.0,2.0,89.0,91.0,2.0,-1.998992916619489,18.0,,,,,
109.0,87.0,7.5579,75.0,2.0,5.0,127.0,-24.0,-24.0,-42.0,,,,,
129.0,123.0,4.8128,76.0,2.0,107.0,93.0,-14.0,-14.0,22.0,,,,,
98.0,97.0,4.8611,77.0,2.0,109.0,87.0,-22.0,-22.0,-11.0,,,,,
33.0,51.0,10.7642,78.0,2.0,129.0,123.0,-6.0,-6.0,50.0,,,,,
47.0,53.0,5.0462,79.0,2.0,98.0,97.0,-1.0,-1.0,-51.0,,,,,
86.0,79.0,9.7024,80.0,2.0,33.0,51.0,18.0,18.0,53.0,,,,,
65.0,74.0,4.827,81.0,2.0,47.0,53.0,6.0,7.2493289517249195,18.0,,,,,
73.0,71.0,3.8536,83.0,2.0,65.0,74.0,9.0,9.004321137892001,8.0,,,,,
74.0,81.0,4.1582,84.0,2.0,62.0,70.0,8.0,8.003244886573661,12.0,,,,,
140.0,128.0,2.9117,85.0,2.0,73.0,71.0,-2.0,-2.0,67.0,,,,,
119.0,114.0,5.5651,1.0,3.0,140.0,128.0,-12.0,-11.714286758832296,-21.0,,,,,
110.0,85.0,6.0169,4.0,3.0,9.0,132.0,-23.0,-22.999999999999694,-45.0,,,,,
147.0,133.0,1.6933,5.0,3.0,31.0,30.0,-1.0,-0.9983835062964008,-30.0,,,,,
101.0,103.0,2.3661,6.0,3.0,110.0,85.0,-25.0,-25.0,-9.0,,,,,
113.0,104.0,2.7078,7.0,3.0,147.0,133.0,-14.0,-14.0,-34.0,,,,,
117.0,106.0,5.6851,8.0,3.0,101.0,103.0,2.0,2.003689432020588,16.0,,,,,
139.0,119.0,7.3556,9.0,3.0,113.0,104.0,-9.0,-9.0,26.0,,,,,
144.0,135.0,5.4934,10.0,3.0,117.0,106.0,-11.0,-11.0,27.0,,,,,
7.0,144.0,4.3772,11.0,3.0,139.0,119.0,-20.0,-17.996555255619313,14.0,,,,,
79.0,102.0,3.5441,12.0,3.0,144.0,135.0,-9.0,0.2515924283792188,-65.0,,,,,
140.0,130.0,5.5183,13.0,3.0,7.0,144.0,-9.0,-9.0,-13.0,,,,,
124.0,130.0,4.4333,14.0,3.0,79.0,102.0,23.0,22.996268978573443,45.0,,,,,
20.0,34.0,4.5031,15.0,3.0,140.0,130.0,-10.0,-9.714286758832296,26.0,,,,,
109.0,86.0,3.8573,16.0,3.0,124.0,130.0,6.0,6.004483020162415,-15.0,,,,,
126.0,118.0,10.9608,17.0,3.0,20.0,34.0,14.0,14.01039582287881,-40.0,,,,,
29.0,32.0,1.5992,19.0,3.0,126.0,118.0,-8.0,-7.995516979837585,49.0,,,,,
97.0,97.0,6.1085,20.0,3.0,23.0,58.0,35.0,38.7956711441596,-72.0,,,,,
69.0,49.0,13.9621,21.0,3.0,29.0,32.0,3.0,3.001616493703599,40.0,,,,,
8.0,117.0,6.9303,22.0,3.0,97.0,97.0,0.0,1.5220151915897513e-86,57.0,,,,,
136.0,127.0,8.8796,23.0,3.0,69.0,49.0,-20.0,-19.999999999999716,67.0,,,,,
86.0,99.0,2.8727,24.0,3.0,8.0,117.0,-37.0,-37.0,-68.0,,,,,
11.0,127.0,3.7547,25.0,3.0,136.0,127.0,-9.0,-8.996172688863291,21.0,,,,,
126.0,119.0,5.5935,26.0,3.0,86.0,99.0,13.0,7.443065737203782,40.0,,,,,
89.0,112.0,8.4318,27.0,3.0,11.0,127.0,-30.0,-5.773532522522714,-68.0,,,,,
125.0,120.0,3.1302,28.0,3.0,126.0,119.0,-7.0,-6.995516979837585,-1.0,,,,,
22.0,68.0,2.3771,29.0,3.0,89.0,112.0,23.0,19.00100708338051,-67.0,,,,,
88.0,97.0,3.2107,30.0,3.0,125.0,120.0,-5.0,8.363694759220918,-37.0,,,,,
62.0,52.0,1.9636,31.0,3.0,22.0,68.0,46.0,46.01166912869513,40.0,,,,,
72.0,53.0,17.5364,32.0,3.0,88.0,97.0,9.0,8.998658487327157,-16.0,,,,,
124.0,123.0,4.373,33.0,3.0,62.0,52.0,-10.0,-9.996755113426339,62.0,,,,,
124.0,120.0,5.6306,34.0,3.0,72.0,53.0,-19.0,-19.0,52.0,,,,,
105.0,91.0,3.812,35.0,3.0,124.0,123.0,-1.0,-0.9955169798375847,-19.0,,,,,
124.0,110.0,1.9041,36.0,3.0,124.0,120.0,-4.0,-3.9955169798375847,0.0,,,,,
44.0,104.0,2.8085,37.0,3.0,105.0,91.0,-14.0,-13.999999999999899,-61.0,,,,,
135.0,117.0,4.5401,38.0,3.0,124.0,110.0,-14.0,-13.995516979837586,11.0,,,,,
97.0,95.0,8.6842,39.0,3.0,44.0,104.0,60.0,60.0,53.0,,,,,
117.0,89.0,8.277000000000001,40.0,3.0,135.0,117.0,-18.0,-17.999999999999854,-18.0,,,,,
122.0,73.0,4.8484,41.0,3.0,97.0,95.0,-2.0,-2.0,25.0,,,,,
96.0,91.0,6.6602,42.0,3.0,117.0,89.0,-28.0,-28.0,-21.0,,,,,
102.0,84.0,4.9675,43.0,3.0,122.0,73.0,-49.0,-49.0,-20.0,,,,,
67.0,56.0,3.3405,44.0,3.0,96.0,91.0,-5.0,-5.0,-29.0,,,,,
71.0,44.0,6.0799,45.0,3.0,102.0,84.0,-18.0,-6.999275189399297,-31.0,,,,,
121.0,113.0,9.7262,46.0,3.0,67.0,56.0,-11.0,11.50334970325245,54.0,,,,,
10.0,133.0,1.5577,47.0,3.0,71.0,44.0,-27.0,-27.0,-61.0,,,,,
128.0,129.0,3.1521,48.0,3.0,121.0,113.0,-8.0,-8.0,7.0,,,,,
14.0,16.0,5.7203,49.0,3.0,10.0,133.0,-23.0,-22.99187292555521,4.0,,,,,
99.0,96.0,0.9559,50.0,3.0,128.0,129.0,1.0,1.0,-29.0,,,,,
118.0,106.0,2.6469,51.0,3.0,14.0,16.0,2.0,2.0,-42.0,,,,,
80.0,83.0,1.0217,52.0,3.0,99.0,96.0,-3.0,-3.0,-19.0,,,,,
62.0,45.0,9.0802,53.0,3.0,118.0,106.0,-12.0,-12.0,-56.0,,,,,
55.0,53.0,0.8971,54.0,3.0,80.0,83.0,3.0,-0.24915930251598262,-25.0,,,,,
38.0,48.0,1.2087,55.0,3.0,62.0,45.0,-17.0,-16.99675511342634,-24.0,,,,,
57.0,60.0,3.4679,56.0,3.0,55.0,53.0,-2.0,-2.0,2.0,,,,,
83.0,140.0,3.0918,57.0,3.0,38.0,48.0,10.0,10.0,45.0,,,,,
117.0,117.0,6.072,58.0,3.0,57.0,60.0,3.0,3.0,60.0,,,,,
40.0,84.0,6.3899,59.0,3.0,83.0,140.0,57.0,57.001437404734375,-43.0,,,,,
93.0,85.0,8.0465,60.0,3.0,117.0,117.0,0.0,5.84994540304024e-222,-24.0,,,,,
141.0,125.0,4.5302,61.0,3.0,40.0,84.0,44.0,44.0,-45.0,,,,,
15.0,11.0,10.1328,62.0,3.0,93.0,85.0,-8.0,-8.0,68.0,,,,,
53.0,43.0,3.0757,63.0,3.0,141.0,125.0,-16.0,-14.249287461302814,58.0,,,,,
113.0,91.0,6.707999999999999,64.0,3.0,15.0,11.0,-4.0,-4.0,-48.0,,,,,
27.0,77.0,1.1608,65.0,3.0,53.0,43.0,-10.0,-9.998769670616696,-26.0,,,,,
104.0,97.0,1.6732,66.0,3.0,113.0,91.0,-22.0,-22.0,-9.0,,,,,
102.0,96.0,8.0636,67.0,3.0,27.0,77.0,50.0,50.0,-71.0,,,,,
47.0,45.0,13.3497,68.0,3.0,104.0,97.0,-7.0,-6.997317038515587,-57.0,,,,,
107.0,93.0,2.9168,69.0,3.0,102.0,96.0,-6.0,5.000724810600703,5.0,,,,,
88.0,88.0,2.2064,70.0,3.0,47.0,45.0,-2.0,-0.7506710482750802,41.0,,,,,
136.0,123.0,3.7245,71.0,3.0,107.0,93.0,-14.0,-14.0,29.0,,,,,
71.0,68.0,4.4088,72.0,3.0,88.0,88.0,0.0,-0.001341512672843096,-17.0,,,,,
113.0,81.0,10.7475,73.0,3.0,136.0,123.0,-13.0,-12.996172688863291,-23.0,,,,,
145.0,135.0,2.1107,74.0,3.0,71.0,68.0,-3.0,-3.0,-72.0,,,,,
78.0,69.0,2.274,75.0,3.0,113.0,81.0,-32.0,-32.0,-35.0,,,,,
30.0,33.0,4.7324,76.0,3.0,145.0,135.0,-10.0,-9.996898799487935,31.0,,,,,
103.0,85.0,1.1406,77.0,3.0,78.0,69.0,-9.0,-16.872858818798488,25.0,,,,,
74.0,63.0,2.4557,78.0,3.0,30.0,33.0,3.0,7.818699816746761,44.0,,,,,
40.0,68.0,6.7974,79.0,3.0,103.0,85.0,-18.0,-9.998515102507048,-63.0,,,,,
95.0,95.0,5.6678,80.0,3.0,74.0,63.0,-11.0,-11.0,21.0,,,,,
130.0,118.0,9.4463,81.0,3.0,40.0,68.0,28.0,28.0,-56.0,,,,,
27.0,59.0,4.9303,82.0,3.0,95.0,95.0,0.0,-3.350733184150541e-125,-68.0,,,,,
62.0,66.0,15.228,83.0,3.0,130.0,118.0,-12.0,-12.0,-68.0,,,,,
29.0,29.0,5.0128,84.0,3.0,27.0,59.0,32.0,32.0,2.0,,,,,
8.0,18.0,8.1844,85.0,3.0,62.0,66.0,4.0,4.00324488657366,-54.0,,,,,
