,S1,S3,S4,S6,S7,S8,s9,s10,s11,s12,s13,s14,s15,MEAN,SEM_LOW,SEM_UP
0,0.38452660261903204,-0.6036832547905504,1.5315188509827367,1.4938771596678597,-0.12722949141468448,2.5585874919950355,0.3867709436562276,0.9531112101266803,-0.42167699037795897,-2.1051346215158007,-2.2018454982533284,-1.3292025970796064,-1.0990947001073714,-0.04457499188397918,0.35667760337082366,-0.445827587138782
1,0.9706452288705185,-1.240972589737392,0.9957931171273504,1.4938771596678597,0.7830381647384528,2.606615673664593,0.9560747800991,0.45323997331987076,-0.14048029204179321,-3.1748668135000813,-2.2830049962028887,-1.2116637223621878,-0.9558403042825924,-0.05750343235686078,0.3945781961339448,-0.5095850608476663
2,1.0018834704184119,-1.7947086220872324,0.6199071373243072,1.3300833690816924,0.8409270144669563,2.3986880187525577,1.1278567837045361,1.1229609964726859,-0.14048029204179321,-3.1775195444256683,-2.2830049962028887,-1.3736188194632264,-1.29985315190591,-0.12514451045427474,0.3422092638856924,-0.5924982847942419
3,0.8098328631592674,-2.9638205398717052,0.39048247294624366,1.0990903969962862,0.499230023284457,2.4330608731264682,0.7496732497373413,0.010611111964580313,0.23190327307719372,-3.2389878963509204,-2.4568283221602076,-1.0509145054610702,-1.1826754227966756,-0.35918018633451865,0.11406901906608563,-0.8324293917351229
4,1.1401548098675338,-2.5388968280599196,-0.08176837540028675,1.4168950415346346,0.3805820278666552,1.9621512205794902,0.7496732497373413,-0.07050418679128118,0.52705838031886,-2.7175476306121698,-2.47523802514802,-1.632694381291402,-1.3795377277635563,-0.36305172501247085,0.08248941560745304,-0.8085928656323947
5,-0.37294108630146006,-2.011040926259806,-0.3986601199844692,1.5273940796849157,1.3572945388200335,1.4466785544125254,0.45597972246046486,0.08758090946770757,-0.10434320741006106,-2.7175476306121698,-2.4141063971835703,-2.2834461257760985,-1.3371112536968737,-0.5203283801829893,-0.10022336894077583,-0.9404333914252028
6,-0.6057861277010193,-1.2719931436204355,-0.0012150697205173294,1.5155902987456977,1.2668962613196,1.600647404770977,0.35026103966041294,-0.09646760938751726,-0.05110032565240684,-2.8091155577812454,-1.7755945297358833,-2.6765549024488524,-1.408796998396815,-0.45870994307292345,-0.05014157140303743,-0.8672783147428095
7,-0.27669915045986804,-0.9239904375716111,0.1608369025947482,1.4705299203711513,0.9209278906630594,1.1646184351449398,0.022996687445768604,-0.7556271907045982,0.8021866107233677,-2.955389991169261,-2.141669711402988,-2.7618346660291855,-1.2847864795330854,-0.5044539369175047,-0.09754703373180429,-0.9113608401032052
8,0.3593806551599422,-1.8509125161725992,-0.4477308950727421,1.4826630006829684,0.4009647464938697,0.9616415208977129,-0.14391300641916116,-1.3411397186284824,0.9127942010633673,-2.6349959237929417,-2.133863120249362,-2.910750024022844,-1.8688636992697516,-0.7088249830253864,-0.2957227680081499,-1.121927198042623
9,-0.1917952994518168,-2.4564478254922353,-0.4392633820679706,1.8045792928649913,-0.26683159689898905,0.9572052608238978,0.18317918919224913,-0.7654857924403288,0.9351670520841927,-3.795296598284204,-3.3646202835543635,-2.910750024022844,-2.120835989101539,-0.956245845872997,-0.45746554490676533,-1.4550261468392287
10,-0.9118259264763893,-1.7834879016120435,-0.4511127135746859,1.8489910675387518,-0.2911361949299628,1.4668769735740839,0.14703755980002875,-0.9584845014853443,0.9593985036628573,-5.092106946268462,-2.6199268231863835,-2.9959205549339103,-2.7653338711854296,-1.034387025313607,-0.484104352956252,-1.5846696976709618
11,-0.25573709776732784,-1.2713300360058328,-0.4511127135746859,2.101501958897174,0.08318091798345884,1.5821474487546408,0.19537492297434267,-1.0672321712506174,0.4697315621471067,-4.855796630717285,-3.3793481884363366,-2.9959205549339103,-2.4753777601242155,-0.9476860263118069,-0.38932427669090053,-1.5060477759327133
12,-0.5950551149428053,-0.7751974141819222,-0.6088714391468828,2.528600220511793,0.3117534777480659,1.5317531186216977,0.4478613483496412,-1.076302806131386,0.8004881703261255,-4.404248477691456,-2.773306778770016,-2.8812867139775475,-2.6428497200921535,-0.7797432407212959,-0.23299339790883056,-1.3264930835337612
13,-0.6125576708065193,-0.3912456700862918,-0.24579269388573696,2.150960394702566,-0.41337197373452667,1.3190813711072,0.6584823016710715,-0.5078764749718276,0.40092216182279544,-4.613763452462959,-3.515579395630947,-2.6243397853251222,-2.995440640084855,-0.8761939636680887,-0.3243665668117237,-1.4280213605244536
14,-0.7170125150216108,0.28747388115336014,-0.15573271797589688,2.3796111347702946,0.045353245617789285,1.4858925218186967,0.3077183694478741,-0.7919585800440635,0.2797439934928203,-4.464408110887294,-4.547385059705309,-3.1654135710035836,-3.0703966282614306,-0.9328087720460272,-0.3228553284241925,-1.542762215667862
15,-0.8865567308674849,0.3122521601456116,-0.1345050597715122,2.0823002503509085,0.35638588988240755,1.5130804244009202,0.21736602544180872,-1.2274289374290859,0.24023254138425973,-4.708399372228381,-4.123040088652496,-3.1654135710035836,-3.208449711878004,-0.979398167709587,-0.37876750688246763,-1.5800288285367063
16,-1.394784342024519,0.3942082907116381,-0.014902738318775326,2.012765226433072,0.9026176828719324,1.6637294824372668,-0.0597408581398814,-1.2737015621107746,0.39503773011613397,-4.834115920379423,-3.3299475723476357,-2.713512594963113,-3.85559089238413,-0.9313798513921699,-0.32730292713467346,-1.5354567756496664
17,-1.610173019288434,0.6085515915280162,-0.45711240254691404,2.253297612223074,0.46239204318067173,1.6774527584892749,0.03948567915698665,-1.0899592094942454,0.2498075372049324,-4.596520018460985,-3.267856086479434,-3.010246318246785,-4.019901591401875,-0.9815985710873629,-0.37696354236178187,-1.586233599812944
18,-1.7373942200886434,0.9343066899910747,-0.28849927055738483,2.2675084949157744,0.35086417218873533,2.3857503205518054,-0.5188936699063867,-1.4143470725498883,0.8922592438113446,-4.3867409156606785,-3.1458310539771976,-3.547837626359966,-3.628391669639506,-0.9105574290216091,-0.279570242690907,-1.5415446153523111
19,-1.4116935556797456,1.8376256382568052,-0.7453601154505716,2.218688212580455,0.37532237755599146,2.476473875371936,-1.1433255383537093,-1.1006296400421085,0.4824195427957135,-4.273457857308602,-3.370408091384422,-3.536694629127251,-3.484765962251043,-0.8981389033105039,-0.25932799310543486,-1.536949813515573
20,-1.4116935556797456,1.2996908840889283,-1.0505987732180762,1.4374865712862845,0.598376271517085,1.8737671899596506,-1.0241828498708354,-1.1006296400421085,0.4824195427957135,-4.347925859359621,-3.974683406747873,-3.6973438952091984,-3.57672015442834,-1.1147721288390875,-0.5038415146069898,-1.725702743071185
21,-1.1397428110497396,0.8620872144267168,-1.5814279061300438,1.4876554066146066,-0.29342348710007304,2.085445414805507,-1.0241828498708354,-1.464752862755495,0.5233905092014945,-4.15279190136844,-3.6323590049675114,-3.472364590965434,-3.537480677690484,-1.1799959651422869,-0.6050403839115942,-1.7549515463729795
22,-1.2748638713308467,1.2171904865328314,-1.7875469020247094,1.6344418554367162,-0.29342348710007304,1.995561087875573,-0.7235195374959853,-2.0379819445494283,0.8985833315007471,-4.152061608397296,-3.6798288378493553,-4.063972071265816,-3.172780130514265,-1.1877078176293776,-0.580323084164263,-1.7950925510944922
23,-0.9305729496572331,1.466390218887638,-2.699414325696998,1.7149714625646535,-0.13242342953066152,1.8139730995415793,-0.7117922526382675,-2.160318131005385,1.2990693304039715,-3.975855944221584,-2.8112939042181964,-3.5440357186772435,-3.04169900835036,-1.0548462732767758,-0.4639360312954024,-1.6457565152581493
24,-1.1145680342672637,1.4192968245488757,-2.084795180582603,1.7112197630977606,-0.706786048094822,0.8629736079886778,-0.8686741228843952,-2.0758556543535356,1.2312700052285142,-4.0522536929438715,-2.3655091604434024,-3.092446319364246,-3.114675417347434,-1.0962156484167496,-0.5650446894414574,-1.6273866073920418
25,-0.2482043982816031,1.321592682903708,-2.6281413552329647,1.614597780332145,-0.9146678213870544,0.3048232497001084,-1.1766918733926686,-2.0679699320429976,0.5404264136465525,-4.116395500057301,-2.21525142864199,-3.004657471528411,-2.8990965923810075,-1.191510480489499,-0.6912946384864681,-1.6917263224925296
26,-0.24282679744002597,0.48551789111773086,-2.604100215347779,1.9958065064188601,-0.23425709022139996,-0.5584286600119359,-1.5926595482912265,-2.0435940088984537,1.1396159646813426,-4.353703038527701,-1.2894443131562923,-2.4453084591331757,-3.372903115555453,-1.162791144951193,-0.6574740200256896,-1.6681082698766962
27,-2.0818366091830014,0.8209893724719484,-2.5596809433038374,2.150538508836274,-0.18612803699055105,-0.39132980446070426,-1.8552553814119719,-2.012197067324775,0.5282240954365213,-4.391757862452706,-0.6189978184888532,-2.8156528596054677,-2.877344001662586,-1.2531098775492084,-0.7492366057118982,-1.7569831493865187
28,-2.228289466641999,0.20014296837985135,-3.2347674712102186,1.7109318358404697,-0.2033357956382223,-0.3813550107910257,-1.9571597719382112,-2.1470220387104972,0.7737514815780515,-4.157068729234237,-0.05170133178410804,-3.0955215208058355,-2.6567838246921394,-1.3406291288960095,-0.8459010944686354,-1.8353571633233836
29,-1.3665991217469706,-0.5554088111425923,-3.396408876270146,1.5681107289704113,0.527333394908219,0.3463549017211137,-1.2502432222452964,-1.8710050479177007,0.9240895372276373,-3.92660013129531,-0.37941510166379244,-3.9587378560883124,-2.5881879929628835,-1.225132122961971,-0.7130566459296315,-1.7372075999943104
30,-0.9399578153016928,-0.6173533065304431,-3.3285322467426433,1.0902835928865489,0.6447640060070157,-0.08400446034105613,-1.429450858171786,-2.077099497397042,0.8098099208500035,-4.009751442254237,-0.5376573487288636,-4.2403575161026,-2.5477387413722274,-1.328234285630694,-0.8290500981486364,-1.8274184731127514
31,-0.40362303493267554,-0.7112176412483819,-2.6206836739055395,1.1477543698114876,0.89603320261355,-1.1133325446533897,-1.4158005762485542,-1.988927491114344,0.7716311180724501,-3.9826425430685934,-0.3765882006783576,-3.7589887781752522,-2.3665014683904717,-1.2248374816860057,-0.7601703457107782,-1.6895046176612332
32,-0.9068822143444749,-0.11452506662801491,-2.21313580066171,1.021964815858221,-0.2943540451055768,-1.4459592223316604,-1.7156991561871404,-1.9189082640516877,1.0849534516758874,-4.001306918434779,0.10200382707107439,-4.1496695972113535,-2.4837588547063807,-1.310405926542892,-0.8446223157962365,-1.7761895372895475
33,-1.7232969756133731,0.17547994626729924,-2.231603475558125,0.9250317967838271,-0.3841399674962735,-1.3740564188242874,-1.9087847445387192,-2.3725687176378636,1.1288973206268602,-3.457348836728616,0.2177379399125714,-3.8363377656051307,-2.295537908214808,-1.3181944466635875,-0.8737327616573812,-1.762656131669794
34,-1.7795297918937811,0.14265413716578917,-0.32138874472311646,0.9250317967838271,-0.37862271749663523,-1.3901352688347561,-1.66216978249679,-1.8177873438970418,0.8117090998546808,-3.7774125195388537,-0.39763776329342987,-4.188783477950893,-2.414252477593671,-1.249871142608821,-0.8081300944128635,-1.6916121908047783
35,-1.7795297918937811,-0.32290029046428925,-0.37720470374425885,0.12736527263982958,-0.4963863656134151,-1.4463682502873765,-1.804901135386472,-1.5849309711396036,0.6057436955624793,-4.250942145675772,-0.47433286248474915,-4.126244728355233,-2.303623009416387,-1.4026350220199253,-0.9869447813289975,-1.818325262710853
36,-1.3440062979706884,-0.8348813460526195,-1.4690611101915843,-0.4524934277772186,-1.0447738499114816,-1.1843727292367432,-1.7797151149463548,-1.761259511719871,0.5136352689011339,-4.250942145675772,-0.6935469171422847,-3.608034413932011,-2.3235353527476144,-1.556383611415624,-1.2039946948526248,-1.9087725279786232
37,-1.3440062979706884,-1.4401280191183985,-1.8545154066240606,-0.5740763592272095,-1.1985589564040617,-1.120559242601772,-1.8975892744533338,-1.540382263584834,0.5136352689011339,-4.512683758261045,-1.1854080255998827,-3.6435300890635562,-1.9867350531336527,-1.6757336520877972,-1.3261404354091515,-2.025326868766443
38,-1.6525994257334446,-1.2939644730238797,-1.852635000869115,-0.5109127394657211,-1.0630321081690368,-1.3386916637635478,-1.4329801918342295,-0.8676847559510616,0.11402463140873823,-3.9375892814874383,0.29957035722253783,-3.8006786197753457,-2.2136026331637835,-1.5039058388157946,-1.1514676208263417,-1.8563440568052476
39,-1.631390340828676,-0.6113318909361485,-0.7339086977394805,-0.1115852166088258,-1.1674771773233443,-1.7367134979827084,-1.2189698726019245,-0.48144669691756714,-0.1497358974835029,-4.384479597024223,0.40458675421851703,-3.5399127952866642,-1.9095087434520743,-1.3286056669205095,-0.9503288791927598,-1.7068824546482593
40,-1.1349018145253396,-0.6367105431063506,-1.9562103561637258,-0.31632424466034,-0.6969395702545387,-2.090443414970916,-0.9502777184236458,-0.8658847471696128,-0.7808786462099102,-4.110369621293703,0.6946473921665209,-3.233164003606771,-1.9095087434520743,-1.3836127716669546,-1.0316156574167166,-1.7356098859171927
41,-0.9646911460862669,-0.5152874626606638,-1.9359982508503757,-0.2658819555423491,-1.6356822794697778,-3.194822454930609,-0.9460883078780843,-0.5404104950097204,-0.49617023025354573,-2.449948350420293,0.9584557324560867,-2.91596737502578,-1.9539336313214637,-1.2966481697686802,-0.9693109756368019,-1.6239853639005586
42,-1.0589783238281216,0.7049402809395436,-1.479331571844633,-0.7119488678150387,-1.8401821252857247,-3.194822454930609,-1.0039013569983148,-1.1043831571974771,-0.7319257338431641,-2.4652260443788303,1.1019281264185026,-2.7508622180705697,-2.050964828323475,-1.2758198673198393,-0.9307539362317051,-1.6208857984079734
43,-1.4752648119124447,0.8817719180393029,-1.548599575645154,-1.0850435830109737,-2.1931087553509756,-3.194822454930609,-1.2526056448988316,-0.8470255164161035,-0.7319257338431641,-2.9481869747552008,0.7764760015508783,-2.495311416390925,-1.7551188608659682,-1.3745204160330902,-1.0310000570447604,-1.71804077502142
44,-1.4046709657007135,0.6129913196703091,-1.8297770586941857,-0.48795122980446276,-2.6123379051868367,-3.189770557920283,-1.5352977015433027,-0.9865825860356522,-0.320188053069437,-1.32012027888848,1.2649738004833566,-2.1051389905635345,-1.6691244018998985,-1.1986918930117785,-0.8566744720908619,-1.540709313932695
45,-1.9866752544372144,0.3507718638207793,-2.264813550935686,-1.0241063650596027,-2.8743233821021863,-3.3959824013204014,-1.7871382695622318,-0.8512135209810879,-0.42141160330128147,-1.399210344644755,1.5533394524724862,-1.7571424071067652,-1.5744281774641173,-1.3409487662016975,-0.9766818491208935,-1.7052156832825014
46,-1.4386171196200288,0.262799115217956,-2.4323426225281763,-0.8668799908851127,-3.724973886500414,-3.6220797251267287,-1.969893581407856,-0.08890124791865289,-0.19011628591530297,-1.14554866518617,1.0553473269751847,-2.0177630237167192,-1.5498344620579003,-1.3637541668207631,-0.9678817276975669,-1.7596266059439594
47,-0.917985637015036,0.18918796084944844,-2.685524298928709,-0.720074058979809,-4.151591633036083,-4.617720956206472,-2.2421151854695833,-0.9825420221754202,-0.17476702767308464,-0.8045904151616613,0.3976282673382395,-2.310973986077186,-1.3306451665197434,-1.5655164737734695,-1.1325270338071778,-1.9985059137397612
48,-1.1449434377485104,0.10763836788152727,-2.117541809640355,-1.4972032043009231,-3.9040649005951,-4.499874235694046,-2.3371095865085776,-1.006499881358745,-0.03607898983776675,-1.0231388495804659,0.25798069917330907,-2.2673103246770303,-1.044142712909921,-1.5778683742920463,-1.1775984058774922,-1.9781383427066004
49,-0.918971374812653,0.27868175593169514,-2.1630911844962206,-1.613729635260212,-4.002317190773232,-4.755595339194578,-1.9813228473484181,-0.7043289732577716,-0.611383754125247,-0.8977903889113426,0.275842158293006,-1.8377424778433333,-1.044142712909921,-1.5366070742083253,-1.1260918471458663,-1.9471223012707843
50,-1.672887346756314,-1.5893813001444421,-2.547629869549953,-1.6547592378167528,-3.8307420475722576,-5.34048881352098,-1.3497488739272998,-0.7043289732577716,-0.583781072410134,-0.6378048070298854,0.5686162430145574,-1.3270709927263846,-0.7038233209615559,-1.6441408009737821,-1.2185759005052685,-2.0697057014422957
51,-2.1740512217872143,-1.8694722478838308,-2.2137943928380146,-1.8604668725960398,-3.8106183721040776,-5.1626188311413,-0.9844721709429336,-0.7883115081522978,-0.741404266940234,-0.7935252134128736,1.2351750381971127,-1.6209345550416794,-0.849275730897874,-1.6641361804262504,-1.2300154072094287,-2.098256953643072
52,-2.5054608671572236,-1.3647039986726783,-2.278113180161668,-2.093471848334496,-2.8033926591435354,-5.70304342724581,-0.6910326088715103,-0.9675025761933986,-1.0361853156404528,-0.9454952788037196,1.2351750381971127,-1.7969548030313718,-0.9089159573147105,-1.681469037105651,-1.2407342548764788,-2.1222038193348234
53,-2.6629292550257673,-1.7254271687907081,-1.857623189153326,-2.504262651474127,-2.86394639557951,-5.613300305792143,-0.814043879001114,-0.9934559287326408,-1.9660266947163585,-0.4950676497229139,0.8818672316032568,-1.9063524840405393,-1.125624471565976,-1.8189379109224515,-1.3958113139441937,-2.242064507900709
54,-2.6622783348409107,-2.230426295475504,-1.4797038043966975,-2.23590103244698,-3.302488346894608,-5.606466912337487,-0.7732096092979563,-0.46414310403319065,-1.752850102104088,-0.6921369070742068,0.3485544082640634,-2.237411581724018,-1.2503799535380524,-1.87221858276151,-1.455590305843988,-2.2888468596790323
55,-2.682389167491475,-2.838813912853023,-1.6350368033638014,-2.006567259651992,-3.0625854256966503,-4.703768389306732,-0.45120148988247344,-0.7286850844924464,-1.6641127250455376,-0.12178192212469498,0.47747520502791035,-2.3356534367754245,-1.360819790907977,-1.777995400197255,-1.3905656913583577,-2.1654251090361525
56,-3.438187625624879,-2.7867931783277125,-1.2034914981131648,-1.8182937576340175,-2.884591344256043,-4.434240815884827,-0.4461375792844756,-1.2440544319609979,-1.2285640276871623,-0.11292425057936957,0.5821951611099598,-2.2731309960387036,-1.0681303873577002,-1.7197188255106992,-1.3291696054285191,-2.1102680455928793
57,-3.4255765951364943,-2.9068665678575236,-1.0287755999721682,-2.0339563068033844,-3.8881320884495647,-4.766383414635005,-0.5363687969336606,-1.1700292921374673,-2.080173745485029,0.15172743427663493,0.49212394466005965,-2.261417009238309,-0.5958136211284972,-1.8499724352954163,-1.4082203556149597,-2.291724514975873
58,-3.1638024688438553,-3.195854744840654,-0.9869816734807962,-2.191106002740302,-3.8881320884495647,-4.899280251072668,-0.844698871710512,-1.1720158981624689,-1.5866426713163115,0.15172743427663493,-0.09947167584277998,-1.996046213911209,-1.0436300248588846,-1.9166103962271825,-1.5000044358848004,-2.3332163565695647
59,-2.5871142736228716,-3.375352609627516,-1.3242545372432746,-2.032701703757533,-4.694086936992075,-4.649690280320796,-0.6472578421435988,-0.4716573060041185,-1.022837107270613,1.118627997089009,0.047444291623677345,-1.666713334969133,-1.4679632096590531,-1.7518120656075307,-1.274071657860551,-2.2295524733545102
60,-4.6168408842035245,-2.590904963253117,-1.1529084395279214,-2.281313528730336,-4.451503810161871,-5.7923947156439155,-0.30100527418277045,-0.48297364781157015,-1.5223749688547918,1.2410534080255997,0.13891242340263377,-1.7646483513210691,-1.3431392909259519,-1.9169263110145078,-1.3548876314585456,-2.47896499057047
61,-4.311096189189074,-2.200594356192504,-1.0151938734311616,-2.0487019238052264,-3.476774784597657,-5.32592095220045,-0.20935872947338813,-0.5794737813825172,-1.2202672566986887,1.943564718596034,0.8208019143369647,-1.2940204538742308,-0.7464869881236561,-1.5125786658488893,-0.9583507404805122,-2.0668065912172664
62,-4.173251615094987,-2.7296437367843236,-1.180705576273967,-2.200632852235949,-3.399509957116572,-5.40904131749247,-0.19937462110706208,-0.6083102002219635,-1.226635237363154,2.0037559043353435,0.6233509419940132,-1.363419227319591,-0.9845120973786539,-1.603686891696872,-1.051123605943013,-2.1562501774507314
63,-3.1637001474269018,-2.993813575794062,-1.2524456647085564,-2.082191445764235,-2.379433306203857,-4.948404289837328,-0.34465698271979434,-0.8217177459536942,-1.5558644735474552,1.7759920474316295,0.5323205614449237,-0.5975111134449971,-0.887780434136403,-1.4399389669739027,-0.9604402842925874,-1.919437649655218
64,-1.5154117990277836,-2.9007329737280543,-1.1045917782989298,-1.931240837962556,-2.069808621766786,-4.748818687839156,-0.16946684792894523,-0.8217177459536942,-1.3684735368946168,1.1605359121545618,-0.32463539333424146,0.15730335154684724,-1.0039256999370498,-1.2800757429977236,-0.86982483071322,-1.6903266552822274
65,-1.6394661667645312,-2.743156181332925,-1.6613230645446324,-2.1826010306929806,-2.0927033900026926,-3.753131977716569,-0.3011155893532591,-1.068606168717618,-1.105680092344507,1.8533608078224464,0.9202614484937297,0.4933171001049514,-0.8698217313076052,-1.0885127720273995,-0.6608205422655837,-1.5162050017892152
66,-1.3101263342891953,-3.0596909494587163,-1.0605386736952669,-2.1568216501906057,-1.962918178428354,-3.0908264036528523,-0.021707916316649027,-1.4101206433295386,-1.0144828345952341,1.8533608078224464,0.9801294143968113,0.7066642307243504,-0.5079659903311381,-0.9273111631803032,-0.5093388756871744,-1.345283450673432
67,-1.3101263342891953,-2.542805149050391,-0.33040550973001254,-1.5011308013975229,-2.1798266324091706,-2.81095551775356,-0.3719946754086059,-0.5545720252100622,-0.7401604284791279,1.3614438718351207,1.1401960476504396,1.0290388496418004,-0.35090463591948207,-0.7047848415784437,-0.32865421323488636,-1.080915469922001
68,-0.21898632474399124,-2.542805149050391,-0.5588893983364995,-1.0421930345270676,-1.9069323828044191,-2.63055602117352,-0.015807007126694642,-0.6177796675351246,-0.7540338854341005,2.178339197669583,0.43902983011402086,1.144430377212735,-0.6372887873752852,-0.5510363271623657,-0.17443330223135978,-0.9276393520933717
69,0.22931438470735635,-3.2489793561385447,-0.6558769540338569,-0.9935431821160514,-1.5492518829091817,-2.1491034351831737,-0.5514688671020543,-0.6088212763092423,-0.4201258706079257,1.3048667809429846,-0.9026304174098295,1.5241168182262124,-0.5219383706240216,-0.6571878175813329,-0.3045967353287255,-1.0097788998339403
70,0.22931438470735635,-3.1258713926188113,-1.0381906293114913,-1.4855760694891287,-1.1067443908281194,-1.6501611332239585,-0.5112945029441447,-0.8432766405742621,0.01080941907034522,1.9757347685817421,-0.9346540406544137,1.492469891116829,-0.5980367933001691,-0.5834982407283251,-0.21690346093049262,-0.9500930205261576
71,0.5870374014761984,-3.0609958958057204,0.47492323839776307,-1.757799133902119,-1.2347103650921196,-1.4893327304890873,-1.2198508603017066,-1.317159319567726,0.5061994037981193,1.228262552030232,-1.3973285877932085,1.4827013140371135,-0.36046639041478756,-0.5814245672020806,-0.2089216899991197,-0.9539274444050414
72,0.45996749670549636,-2.6090460859847964,0.5022636446761423,-1.841450958997203,-0.6253345672983327,-1.2105422021273187,-1.2189157215362836,-1.2740292958116644,0.8224337964187819,1.6532504413484108,-1.657889869746248,1.48708704468569,0.47879835791559083,-0.38718522459628735,-0.009292012263891536,-0.7650784369286832
73,0.8808438468080769,-4.00842124898417,0.23017832275533592,-1.9677635978185537,-0.7789294662816125,-1.2105422021273187,-1.1018195519932463,-0.27022258563803087,1.0655619434219237,1.4864429733621678,-1.907519629622474,1.5670791445705876,0.357472688874055,-0.435203027897943,0.012243005443173582,-0.8826490612390596
74,1.1893570457817761,-3.8355133595135347,0.2709964442980048,-1.784776252221562,-0.3626719156952393,-1.811116403693018,-1.115986111766533,-0.262436185849235,0.702653085753259,2.1689466895669263,-1.3528883929107995,1.5643898535335075,0.071779779201261,-0.3505589018088605,0.10230807322680918,-0.8034258768445302
75,0.772544494328857,-2.719405769602368,0.4485919879748186,-2.599196205061225,-0.21862165369055686,-1.811116403693018,-0.9814254045102078,-0.24424858003667718,0.47533722378445364,0.886726587395268,-0.7533318586145704,2.0557505330522656,0.6331910463079448,-0.3119387694126935,0.08226314978581745,-0.7061406886112045
76,1.4223983122981751,-2.4186938881641367,0.7488938952563224,-2.218827928548456,0.047569572936727686,-1.7400503250750288,-0.44281258626066256,-0.19142201931348546,0.6865933327861682,0.9666993382819772,-0.6320129716451371,2.1429147906637134,1.2781358070417836,-0.02697035921092609,0.3704711140623539,-0.4244118324842061
77,1.164006892454376,-3.233120521255123,0.6483491123089811,-1.9613195494656745,0.5117990780011236,-1.61495897167074,-0.6643655501610212,-0.4871535390659506,0.42483872150592406,0.8915243045024285,-0.5930390486173135,2.3032011760128164,1.9251267035314108,-0.05270086091682795,0.38528391518166366,-0.4906856370153196
78,1.367970428015692,-3.446332539170651,0.7638304314758059,-2.5264526094788335,1.0217112949494538,-0.13333270606363382,-0.4467578523165169,0.23732164920151802,0.4129421418381321,1.3849172312235365,-0.3803087792431403,2.5044156474080848,2.2380022916455227,0.23060974072961304,0.7032936293125536,-0.24207414785332743
79,1.9946793183490996,-3.7149460923248134,0.3479235836260129,-1.9116942702506743,0.8683258928382172,-0.0076153804228242025,-0.17574384646420185,0.6222109912977002,0.3518625549353032,1.927949652519668,0.48001727307343545,2.776684495266163,1.774966538217972,0.4103554392816199,0.887189833731376,-0.06647895516813629
80,1.9946793183490996,-4.159730252086747,1.7678712640289878,-1.748595644598957,1.4423002761556074,0.343183490304499,0.20444283594395138,0.9438854924775045,0.7259924363612924,1.7949482740621183,0.5048036234977799,3.159846395417336,1.774966538217972,0.6729687729331112,1.190898047717247,0.15503949814897533
81,2.1101659358674945,-3.426852691651388,2.313474557265372,-1.7928319079067527,1.4972462975427392,0.8615614436753481,0.3328053042421075,0.43844729485353595,0.7611097117024965,1.523460378082619,-0.48848006293976265,3.12490489730936,1.7850469007445309,0.6953890814452077,1.1879846279236732,0.20279353496674224
82,2.9247565270339297,-3.0358625554878556,2.3549461073474833,-1.4265984672941183,1.4679969611532209,1.4905258301297875,0.4688273591698647,0.608241535210075,0.8916845470201497,1.8277266287489782,-1.2268685084234483,3.9503969983861658,2.3807710960157125,0.9751187737699958,1.5114376573115647,0.4387998902284269
83,2.9424056241530567,-2.5071831139326135,2.6630769255040834,-1.020161914406584,1.4765216580927758,1.7859737248920635,0.11196066173658661,0.6632259570344948,0.6516514382560017,2.165006495094966,-0.9267645772454561,3.9479049152645045,2.474264876879453,1.1098371285633333,1.6197691539946601,0.5999051031320064
84,3.2642758989489344,-2.434724335771939,1.4541664693377585,-0.9758302389933022,1.9890280192954763,1.8843784188082464,0.13436275393151423,1.116775439827121,1.1043332921165168,2.1204967233839027,-1.254667601614533,4.080641479458205,2.3313512253089095,1.1395836572336007,1.6517259680678722,0.6274413463993291
85,3.33446676170286,-2.572207166363969,1.6675676648673263,-2.121709450106422,1.5946883364666877,2.229048140229575,0.13695981492381185,1.4016601980292185,1.1940567078311972,2.1726144803227796,-0.07357763028195248,4.17837066216573,3.0949942115403712,1.2489948254867085,1.8003440526672319,0.6976455983061851
86,3.5704041479576767,-2.2202466775507026,1.5926294043357474,-2.5083919901059457,1.4595237873659899,2.3167370430559946,0.01279189460213789,1.7168570175013547,0.8583061840218313,2.0687139004289317,-0.1880471615609254,4.4315813553060295,3.2528504110457086,1.2587468704926024,1.8340106416767237,0.6834830993084811
87,3.114869516518647,-2.1954946083915314,1.4396810807599292,-2.637518893260984,1.151364367109567,2.8193228842631552,0.005002454218423039,2.3651636029095946,1.033908684133454,2.025992935700428,-0.3629578687616896,4.208625019106095,2.9521903569521357,1.2246268870197863,1.7944733788465872,0.6547803951929854
88,2.9991521219125428,-2.045888677428171,1.366226765451437,-2.9535027437095125,1.299210767121514,2.91257295813836,0.16578033054699637,2.4946458152186106,1.0503282698242455,1.8468979382956152,-0.4028664644398622,3.7882561951889917,2.7834457348413477,1.1772506931509321,1.7374139429663302,0.617087443335534
89,2.9991521219125428,-2.106773391960492,1.961624139455711,-2.8973675710978744,1.3334256760353211,2.6938690769329443,0.16578033054699637,2.682366439240894,1.0503282698242455,1.8468979382956152,-0.8742221574863743,3.4595888619457713,2.3209936946778766,1.1258202637171675,1.6810446891485444,0.5705958382857904
90,2.9803990704371937,-1.611948516107868,1.6255681155514203,-2.4066825181117357,1.525420122515746,2.4628266635634533,0.12881682297660071,2.3322671502481747,0.7583501284783976,1.6389822743176803,-0.97615119417069,3.6336110695720483,2.4056624064958583,1.1151631996743292,1.626584974270079,0.6037414250785792
91,3.868576060393591,-1.716503522135864,2.246650072606005,-1.9941846883983654,1.6571159580646242,2.46761010235228,-0.44104099296948324,2.2416011536475207,1.1364577690554964,1.4204059310005723,-1.2747523165171462,4.149664291138692,2.663620812738512,1.2634785100751105,1.8267033081433959,0.7002537120068252
92,3.8988058651173567,-1.9628401072388204,2.1954393457307355,-1.4341938298063022,0.9714455547087735,2.581447535377695,-0.19792441810219066,2.225648755803612,0.6627969982177087,1.9263344110770897,-1.2725307404378652,4.236807395694629,2.578314863554948,1.262273202284413,1.818040541976856,0.70650586259197
93,3.7151224768403552,-1.5264240869226575,2.5289867221941043,-1.377368100519651,1.4748930395093918,2.7490234768495116,0.033110334386635784,2.1392322500064247,0.7942760621883396,1.9545356662377245,-1.0257809061429553,3.9714824095457573,2.66174240909899,1.3917562887132287,1.910104974159767,0.8734076032666902
94,2.4978985612646727,-1.2380031800377695,2.051370436254238,-1.4205819408981495,0.7378124894942019,2.747225915180206,0.5104491527154496,2.157790988161076,0.7457863095596088,2.6310386776634904,-1.1401043242256916,3.8737895565165044,2.808088915410708,1.304812427466042,1.788810255226657,0.820814599705427
95,1.7974480300648172,-1.5321345689387353,2.051370436254238,-0.9798541883222577,0.2411151825675172,3.2037274678436973,0.25391124584187647,1.9544249756016892,0.8091697050613301,2.638021658797173,-0.4655485536461322,3.322054885130911,2.8565037081069335,1.2423238449510043,1.6946346160526895,0.7900130738493192
96,1.9739214513254861,-1.1050494481216486,1.6987061993275112,-0.5841342162320184,0.8504362206495949,2.5135540852065033,0.42098492267813536,1.9615142064433195,-0.24040335269944837,2.0863335556854663,-0.7585082245660866,2.9083125496162507,2.8565037081069335,1.1217055121092308,1.5192717225536372,0.7241393016648243
97,2.0092346961960326,-0.5023788020801077,0.5272730093567394,-0.7805626865766037,1.06470553014145,2.280691111600876,0.32621389794441585,2.5862440599450327,0.045919464961248116,1.8849610773298924,-0.6395288248078909,2.987152287316057,3.0031196430488265,1.1379264972596899,1.5250553120493648,0.7507976824700149
98,2.0092346961960326,0.4679187521534585,0.7527726087005009,-1.310211666416026,1.3487279511269075,2.17483124116714,0.7121959397022687,2.1584520601660153,0.6831716392368934,2.0197293454123972,-0.6181579578721682,2.1355311202124794,2.9092615902592587,1.1879582553880892,1.526323978193282,0.8495925325828964
99,1.4158701044421278,1.7011788329667372,0.9300630799908032,-1.2689957084578094,0.948326482880036,1.970429046200241,0.7766202514035805,1.7366569251679917,0.848216313294089,1.93936182006427,-0.06313663872734647,2.3536212950064157,3.1782865868209877,1.266653722388625,1.5771884536623593,0.9561189911148905
100,0.9831761926811985,3.159712246491478,0.9117222395299884,-0.848112137512041,0.6428913032035141,2.0987432024761374,1.0810206907325335,1.9024705787248273,1.029774106542328,2.348171916691887,-0.27242628577370603,2.170152245457251,3.0230194389213434,1.4023319798589802,1.7328210843453906,1.0718428753725697
101,1.0351244681452674,3.36893791422829,0.39232569712278087,-0.7554526282701065,0.28739277833493404,1.9123558765271675,1.3406986724413064,1.7967028948703498,0.37047297802305823,1.7906295730316117,-0.2095765125295344,2.1828990037406855,3.589672836432069,1.3155525809306061,1.677621701708113,0.9534834601530993
102,0.8723137031947467,3.583002629027973,0.9070429461172052,-0.2715452429422828,0.46140871836063674,2.3452361184118824,1.9126153830243136,2.9428371080027493,0.2882258667302538,2.8817171233750205,0.42860841043306996,2.1828990037406855,3.3551532694764172,1.6838088489963594,2.04420514411253,1.3234125538801884
103,1.8111314750639826,3.2943243013108305,0.9498010258559724,-0.1055501821839956,-0.04031916283720657,2.5928740819905256,1.8976383479607155,2.8027504887449513,0.16962561667589637,2.598644545289642,0.5728430940852149,2.4293048418101444,2.7824572407221844,1.6735019780376044,2.0091285106091306,1.3378754454660782
104,1.577700234834907,4.189471439496476,0.5260084747076701,-0.5797251384704781,0.4112053467158624,2.4739922800631553,1.40635506333705,2.555861966035611,0.10858374863242491,2.9223074616361466,0.9938670226882584,2.3709519241935304,2.7824572407221844,1.6722336203532921,2.04779937628905,1.2966678644175342
105,2.461486804710388,4.454157346667034,0.5047377694725518,-0.46713511742345654,0.8983136337580049,3.4269708607198988,1.6597665316787438,2.3182227670346816,0.4522855100097232,2.4928871552399343,0.8699095550823324,2.602560904204086,2.753023786630239,1.8790144236757047,2.2603137000442026,1.497715147307207
106,2.8415427571058176,3.4542009157603744,0.2462725472711319,-0.007576467144129833,1.1330280497017287,2.5848374827535925,1.9235285466767398,2.380051276421105,0.5950111309954912,2.6844260766382413,0.6143389531213407,2.245555764356786,2.5988225554802304,1.791849199164496,2.105950557112423,1.477747841216569
107,2.4673593339029902,3.5195501944743124,0.2848257155643151,0.29094807778529397,0.9820273614641302,2.673867123628573,1.3922697848071128,2.542135704820736,0.5650928449218352,2.369356711665816,0.9990236237995602,2.2106958444635625,2.2738973774304494,1.736234592209899,2.02442147331637,1.448047711103428
108,2.6012439285425986,4.324509718917908,0.9269122938905429,0.12925921857494102,1.2910253768323792,2.520652366372807,2.0183872633518507,2.094918081380707,0.7061179743310896,2.6104752847838175,1.4478418169707454,2.246530665282457,2.0996052729612042,1.9244214817071577,2.2191098217955605,1.6297331416187548
109,2.6546480014017,4.912203243420533,0.5503249784738098,0.5938034977777119,1.2385087873636746,0.9320370465738077,2.2577410798436355,1.824033688819651,0.24400515742641732,2.2774228155768084,1.590429707548323,1.786760064857625,1.182538888759125,1.6957274582956017,2.0320406735393997,1.3594142430518037
110,1.8561513982599263,4.855275972511813,0.5503249784738098,0.4837300649419457,1.3909283268747197,1.471052139935476,2.088325590415879,0.8065814339703744,0.7304668602846333,2.2200346091131893,0.49819712332834903,1.3407478829736275,1.8627730190154694,1.5503530307768625,1.8745615724910323,1.2261444890626927
111,2.20125294448974,4.9231527094457075,0.1840647719210362,0.2611314667266607,0.9665056846590305,1.7712158118299792,1.949457313795953,0.9871900866955486,0.25928136174912003,2.416607832488342,0.3913372887995512,1.192743186999532,1.5928573743965553,1.4689844487689814,1.827029177975297,1.1109397195626658
112,1.192698503794925,5.235774969021851,0.23680036349099484,-0.20649410969814438,1.4398058647879322,2.0804997693863507,2.0461778008768863,1.6562669094687628,-0.001898311726037911,2.2822602744222458,2.952195269171367,1.2365647642664352,1.6852305426943228,1.6796832776890687,2.0709506739551866,1.2884158814229507
113,2.067642345207562,6.163963421417743,-0.3141885065248792,-0.10745959453464007,1.493829171674242,0.3635423980111268,1.8030867542802285,1.6011611829740156,-0.001898311726037911,2.137971864395888,2.611490608768144,1.161149815432385,1.4419654171134633,1.5709428128068648,2.0329238177777325,1.108961807835997
114,2.0201701676700377,5.941943826275137,-0.5922480200466888,-0.6410265654078496,1.3178221447127567,1.0379814286570475,2.185622903536669,1.6660395108960262,0.22791988829597007,1.8630871407804273,2.4261378234998965,1.4300246817503897,1.4259204860196446,1.5622611858953435,2.0171137828846306,1.1074085889060563
115,1.9432470907469606,5.8503548166965835,1.5241288479742712,-0.4677266183057319,1.0785415423231735,0.9308669695852014,2.4199130528409802,1.46985875415839,0.15402859228409022,1.6517795971723255,2.756621648812749,1.3973429352217717,1.8147466663662393,1.7325926073751543,2.1498744114532253,1.3153108032970833
116,1.2102931464410798,5.8503548166965835,1.3290141539061986,0.8603794332473386,1.0263728744547524,1.0148149441207466,1.802574340066461,0.47362620868597194,-0.3438043713258721,1.760493137415833,2.569665680237536,1.6084826502067717,0.8614166643232615,1.5402833598828205,1.9490236591494194,1.1315430606162216
117,0.8103509780932355,5.8503548166965835,1.4977705857944092,0.9583671689219007,1.1221606450232893,0.8964776199118781,1.4802932743741426,0.9638594556861798,-0.24116207488184369,2.0692431249639243,2.569665680237536,1.488312330846494,0.8614166643232615,1.5636238669223839,1.9666936569327156,1.1605540769120521
118,0.8103509780932355,6.094819556455319,1.5055518674180233,1.3830413142876166,1.4358513629759693,-0.04304440204047244,1.434132828625263,0.7638485100476222,-0.24116207488184369,2.0482592294615443,2.673184823180955,1.559108185431018,0.7166174825264096,1.549273820121589,1.9865385302558023,1.1120091099873757
119,1.257060565740305,6.65946941939077,0.9196552071514033,2.1108752490329583,1.711220064615959,0.3281234957864394,1.4344897926543103,0.6625180396240967,-0.12218666992639518,2.0482592294615443,2.8462991341623955,1.952997665427347,0.846817744733305,1.742738379834957,2.21043292380856,1.275043835861354
120,0.8736716703870596,6.818670561087274,0.5197553911277596,2.514883828773401,1.5206475080401742,1.391471559558227,1.4344897926543103,0.387887303604752,-0.36667239390571743,2.0482592294615443,3.537139580084425,2.143597718751934,1.1311076603868218,1.8426853392316893,2.3419371030197835,1.343433575443595
121,1.9868657631178366,6.826786125242644,1.3287021984564464,2.191717120322831,2.0802132577710513,1.4988036590678149,1.661449739444815,0.0997070334692112,0.11375102744743551,2.225319904180198,3.369578812017093,1.9931219286833124,1.1943958367549399,2.0438778773827404,2.5098842451871697,1.577871509578311
122,1.952267011788611,6.42156259521617,1.0997111798677208,2.0366703898459844,2.060211548388933,1.2890417299902672,1.758602286004617,0.06209383112752418,0.06283654120256064,2.2727037241156216,3.486637851067877,1.5465445867594463,0.6677961778697875,1.9012830348650094,2.358265642540244,1.4443004271897746
123,1.5709118447009154,6.127251787890216,0.8787428442885593,1.4950064084006423,2.004535453364553,1.5095393330270743,1.501813425176717,0.12029982361090114,-0.17675114811311762,1.261928062007969,3.823140311290829,1.2349875756384943,0.7145472200701587,1.6973809954887626,2.153159751072539,1.2416022399049864
124,0.7269570013093245,6.057575225168155,0.9383746406623741,1.453236274127742,2.179829848065372,1.5485936177201765,1.2094009229019378,0.507419611565898,-0.11383961429409489,1.2537413481621829,3.4183440143425123,1.6048663212688938,0.5512765614561563,1.6412135209582022,2.0813321897138644,1.20109485220254
125,1.335436905542879,6.212646289678433,1.2009745477264346,1.2859575556421414,2.764318599186482,1.3982871446815603,0.6063260938252267,0.3944019919598722,0.11334916725406848,0.8726415091809282,4.692302732373032,1.5319226407200128,0.5404730893244507,1.7653106359304247,2.262192024541512,1.268429247319337
126,2.3349585989746267,5.528894092550816,1.15662008509571,0.8553445987582317,3.5559437246643832,0.6415968391975172,1.076132892185702,0.5668313554630975,-0.2835440638373982,0.779380519765901,3.541638284069949,1.1603418302446182,0.8977214844899052,1.677835403201774,2.126568996453973,1.2291018099495752
127,1.6236711217755524,4.98989225698115,0.9292165850544334,0.8231949235986632,2.7652876321068347,0.7282771023443169,1.0877946039025703,0.7299815106263594,0.5908825379953343,0.9093774771044285,4.274617190733071,1.276193715534556,0.8977214844899052,1.6635467801728596,2.062879498566513,1.2642140617792061
128,1.2971830569049634,3.7184614862979517,1.6010726489627127,1.03903467058024,2.7795184411537575,0.8302547892172836,0.9810792256366079,0.13476876660918957,0.23510792614903164,1.0871175034357186,2.736294242283967,0.8632894739601439,0.3842808672842229,1.3605740844981378,1.6612211878901217,1.0599269811061538
129,1.3753384980050833,2.703398653611575,1.3805065856865213,1.196190970195673,3.1341303798719546,1.0423702030722732,0.7258279424786741,-0.42260374189971706,-0.45294440102186784,1.3824870282545059,2.742746700263835,1.0866396560311422,0.3792974510554615,1.2517989173542394,1.5592288596381418,0.944368975070337
130,1.1608604122606918,1.2434753144463486,1.2705144165559514,0.677349211533848,3.0357561938274706,0.636803422546809,1.0188575859571052,-0.09287300936608094,-0.5872017885694418,1.1743286044639167,3.397081717684998,1.0502529128490272,0.21104529377034023,1.0920192529200756,1.3973551073779134,0.7866833984622379
131,1.1070711329356975,0.5614310340299067,1.4110598300533679,0.37603044423162685,3.195095573547306,0.26852183556104664,1.1580172171358598,-0.09287300936608094,-1.0850893339026164,1.4708269496667836,4.377486036450429,1.1366644419704655,0.32274376725064724,1.092845070735726,1.4824285008587545,0.7032616406126975
132,1.0522927233660901,0.29806195724010087,1.9039756480928685,0.37252932299208097,2.8217731187804915,1.0224148198483818,1.1413723379756833,0.43230681506269825,-0.830411614053907,1.8678937017734156,4.377486036450429,0.8448549068141762,0.39532562881725586,1.207682723319982,1.5720227138567904,0.8433427327831737
133,0.8679845656298442,0.15708990778743845,1.5797405501578894,0.1852766761051969,2.364868326958943,0.8750552517443193,0.7217416929757132,-0.6431429526821658,-1.0331921179799164,0.9109990417500748,3.9276999166139532,0.9229438118116602,0.42629353907447953,0.8664121699959562,1.2172346705812156,0.5155896694106967
134,-0.32536043286296024,0.11841097380953522,0.898846975671652,0.1396668217207811,2.817583617018331,-0.039819082689412984,0.6627631013228019,-0.45458260855296145,-1.3303604614652378,0.07688702561671705,3.9276999166139532,0.5685769081120128,0.1874753876441038,0.5575221647661011,0.9419447916491857,0.1730995378830164
135,-0.12936140890915182,-0.4536908431861818,1.5286272597293842,0.8705142281834584,2.2177744519393907,0.03845307987351761,1.1251412424470317,-1.1072562738710778,-0.8639455574162274,-0.9536324630732308,3.379937213259298,0.327770479549667,0.1874753876441038,0.4744466766284601,0.8415656134148737,0.10732773984204652
136,-0.12936140890915182,-0.6307646315354813,1.6051967269642466,1.6117617045709307,1.2246643609101333,0.39352151979926536,0.2996668251373199,-1.083399707878261,-0.8639455574162274,-1.1165998753301412,4.17571267044005,-0.19880438146515242,0.5120541392534219,0.44613095265699637,0.8516325194372254,0.0406293858767674
137,-0.5088586249204405,-0.5785273409616232,1.9025733318303666,1.6207365002785972,1.1744991584960263,1.094324784534007,0.2996668251373199,-0.788500155083731,-0.8848334435238727,-1.5724561341300407,3.0431131765881507,-0.5477838927738717,0.5334427537460745,0.36826130301668936,0.7392132353389983,-0.002690629305619585
138,-0.3590947286221479,-1.0601061865252315,2.149608652157395,1.561896374497488,1.1744991584960263,1.2002689482164979,0.3670549286551712,-0.293003119666163,-0.7795332644335562,-1.3153991319716563,2.1533329695652026,-0.06521918134300318,0.2826180584713346,0.3859171905767198,0.7109081679905127,0.06092621316292696
139,-0.7634360858832173,-0.5471508339235033,1.9856074536629846,1.2333588365074273,1.0229814110189288,1.5915315579044638,-0.009339243499232115,0.6617210099386327,-1.094376903555711,-1.3703967019141943,1.7416061279093076,-0.10133161843772928,-0.4677803121031292,0.2986918998173099,0.6143267153994518,-0.01694291576483198
140,-0.7843837847324171,-0.4421564224723905,2.121309027278744,1.1399945102260274,1.1888306165996823,1.6574246817388045,-0.18552302601382076,0.4993845891387253,-0.6860878839864591,-1.3148820812122815,0.948710379100069,-0.08712441845008645,0.4442415285486434,0.3461336704433263,0.6325974282949209,0.05966991259173171
141,-0.3014399641737481,-0.604853376839453,2.371568619096628,1.06710439317065,1.1888306165996823,1.3459404474950207,0.05071223855990251,1.2174491306582673,-1.1997425832180666,-1.300643929827358,1.288468145059599,0.10782632661628459,0.0444423242746908,0.4058201836517,0.7116736513478904,0.09996671595550954
142,-0.8067979898290947,0.7096871924758962,2.2403004985349146,1.0121543972833877,1.2897987054349678,1.9567237497583858,0.44091034679735297,0.7218601624405155,-1.075815222607646,-1.292783147725487,0.49425150432609966,-0.2604457988228706,0.35184802045617775,0.4447455706555846,0.7453753847172881,0.14411575659388115
143,1.6171048410303315,0.7102988663858141,2.318858649701837,1.471243734828489,0.8489858227740108,1.7937310117900922,0.8963073719337684,0.6495560052559592,-0.8266464137272055,-1.0454284266078455,-1.1261519567505383,-0.4563632208117967,-0.25321675177908975,0.5075599641556788,0.8257338461944332,0.18938608211692448
144,0.5369413037185016,1.1509803398854848,3.3062810362372197,1.4512032322273398,1.0646296344474597,2.3346360537867943,0.8863751895043356,0.5920744927151989,-1.2666124310345805,-1.9394447250692852,-1.138243118511179,-0.9035012938944298,-0.3859236955403532,0.4376458475748081,0.8575617670812614,0.017729928068354772
145,0.9049106796573688,0.3328671763983187,3.3062810362372197,1.9377310389946865,0.1656382085392516,1.864988490976064,0.20536795655816822,0.6357496390950281,-0.9151933118260048,-1.9394447250692852,-0.7711964965468201,-0.4880933856394718,-0.7341511252447346,0.34657347554844525,0.738621368819407,-0.045474417722516425
146,0.38452660261903204,-0.6036832547905504,1.5315188509827367,1.4938771596678597,-0.12722949141468448,2.5585874919950355,0.3867709436562276,0.9531112101266803,-0.42167699037795897,-2.1051346215158007,-2.2018454982533284,-1.3292025970796064,-1.0990947001073714,-0.04457499188397918,0.35667760337082366,-0.445827587138782
